hcp_id,hcp_name,specialty,segment,territory,region,total_prescriptions,total_units_dispensed,average_monthly_prescriptions,active_months,product_breadth,total_calls,total_samples_received,average_call_duration,called_product_breadth,last_call_date,prescriptions_per_call,days_since_last_call,no_call_flag,recent_3m_units,previous_3m_units,recent_growth_pct
H0001,Dr. HCP_0001,Endocrinologist,B,North-1,North,91,3711,9.1,10,5,27,99,21.56,5,2026-03-30,3.37,1,0,958,1067,-10.22
H0002,Dr. HCP_0002,Pulmonologist,C,North-1,North,61,2439,6.1,10,5,55,238,20.78,5,2026-03-28,1.11,3,0,864,846,2.13
H0003,Dr. HCP_0003,Endocrinologist,C,Central-1,Central,89,3217,8.9,10,5,40,155,20.35,5,2026-03-22,2.23,9,0,874,982,-11.0
H0004,Dr. HCP_0004,Endocrinologist,B,West-2,West,44,1809,4.4,10,5,14,58,21.07,5,2026-02-23,3.14,36,0,641,299,114.38
H0005,Dr. HCP_0005,Neurologist,A,Central-2,Central,29,1179,2.9,10,4,6,26,22.0,3,2026-03-04,4.83,27,0,411,368,11.68
H0006,Dr. HCP_0006,Oncologist,A,South-2,South,206,7914,20.6,10,5,26,118,17.46,5,2026-03-30,7.92,1,0,2671,2706,-1.29
H0007,Dr. HCP_0007,Cardiologist,A,South-2,South,217,8517,21.7,10,5,25,104,17.92,5,2026-03-23,8.68,8,0,2971,2523,17.76
H0008,Dr. HCP_0008,Pulmonologist,C,West-1,West,23,964,2.3,10,3,17,82,20.76,5,2026-03-17,1.35,14,0,236,363,-34.99
H0009,Dr. HCP_0009,Oncologist,B,West-1,West,48,2111,4.8,9,4,10,36,21.3,4,2026-03-29,4.8,2,0,626,557,12.39
H0010,Dr. HCP_0010,Cardiologist,C,North-2,North,68,2853,6.8,10,5,56,254,18.8,5,2026-03-25,1.21,6,0,786,941,-16.47
H0011,Dr. HCP_0011,Cardiologist,A,East-2,East,57,2411,5.7,10,5,8,30,22.0,5,2026-03-05,7.13,26,0,880,364,141.76
H0012,Dr. HCP_0012,Endocrinologist,C,South-2,South,135,5192,13.5,10,5,78,277,19.76,5,2026-03-30,1.73,1,0,1521,1544,-1.49
H0013,Dr. HCP_0013,Oncologist,C,South-1,South,44,1712,4.4,10,5,36,132,19.58,5,2026-03-26,1.22,5,0,462,365,26.58
H0014,Dr. HCP_0014,Oncologist,B,East-1,East,10,469,1.0,7,2,0,0,0.0,0,,,304,1,114,203,-43.84
H0015,Dr. HCP_0015,Oncologist,A,North-2,North,135,5524,13.5,10,5,25,89,21.52,5,2026-03-31,5.4,0,0,1307,1837,-28.85
H0016,Dr. HCP_0016,General Physician,A,North-1,North,119,5083,11.9,10,5,10,41,19.1,4,2026-03-19,11.9,12,0,2023,959,110.95
H0017,Dr. HCP_0017,Endocrinologist,B,North-2,North,138,5145,13.8,10,5,43,185,19.88,5,2026-03-17,3.21,14,0,1529,1615,-5.33
H0018,Dr. HCP_0018,Oncologist,B,West-1,West,33,1388,3.3,9,5,12,46,20.08,5,2026-02-24,2.75,35,0,401,615,-34.8
H0019,Dr. HCP_0019,Oncologist,B,South-2,South,128,4725,12.8,10,5,41,181,21.37,5,2026-03-26,3.12,5,0,1665,1153,44.41
H0020,Dr. HCP_0020,Oncologist,B,South-1,South,70,2860,7.0,10,5,24,74,17.79,5,2026-03-26,2.92,5,0,1000,1066,-6.19
H0021,Dr. HCP_0021,Pulmonologist,B,West-1,West,47,1759,4.7,10,5,13,52,16.0,4,2026-03-13,3.62,18,0,601,521,15.36
H0022,Dr. HCP_0022,Oncologist,A,East-1,East,7,234,0.7,5,2,0,0,0.0,0,,,304,1,102,60,70.0
H0023,Dr. HCP_0023,Endocrinologist,B,South-1,South,123,4723,12.3,10,5,35,144,20.29,5,2026-03-19,3.51,12,0,1010,1623,-37.77
H0024,Dr. HCP_0024,Cardiologist,B,South-2,South,323,11844,32.3,10,5,62,267,18.87,5,2026-03-31,5.21,0,0,3749,3047,23.04
H0025,Dr. HCP_0025,Cardiologist,B,East-2,East,47,1807,4.7,10,4,12,45,17.67,4,2026-03-16,3.92,15,0,364,667,-45.43
H0026,Dr. HCP_0026,Oncologist,C,Central-2,Central,35,1504,3.5,10,5,19,61,19.89,5,2026-03-29,1.84,2,0,641,377,70.03
H0027,Dr. HCP_0027,Neurologist,A,North-1,North,193,8831,19.3,10,5,24,101,20.17,5,2026-03-27,8.04,4,0,2623,2249,16.63
H0028,Dr. HCP_0028,Cardiologist,B,South-1,South,94,3695,9.4,10,5,25,102,18.4,5,2026-03-23,3.76,8,0,1065,1107,-3.79
H0029,Dr. HCP_0029,Oncologist,B,South-2,South,191,7315,19.1,10,5,50,217,19.5,5,2026-03-18,3.82,13,0,1955,2655,-26.37
H0030,Dr. HCP_0030,Endocrinologist,A,Central-2,Central,28,1157,2.8,10,5,5,28,11.8,4,2026-01-01,5.6,89,0,541,190,184.74
H0031,Dr. HCP_0031,Cardiologist,B,Central-2,Central,33,1409,3.3,10,3,11,62,19.45,4,2026-01-22,3.0,68,0,492,380,29.47
H0032,Dr. HCP_0032,Neurologist,A,Central-2,Central,54,2163,5.4,10,4,4,14,25.75,2,2026-01-21,13.5,69,0,855,465,83.87
H0033,Dr. HCP_0033,Endocrinologist,A,East-1,East,0,0,0.0,0,0,0,0,0.0,0,,,304,1,0,0,
H0034,Dr. HCP_0034,Pulmonologist,C,South-2,South,105,4356,10.5,10,5,66,288,19.29,5,2026-03-25,1.59,6,0,1153,1276,-9.64
H0035,Dr. HCP_0035,General Physician,C,South-1,South,63,2473,6.3,10,5,39,165,21.46,5,2026-03-25,1.62,6,0,867,640,35.47
H0036,Dr. HCP_0036,Pulmonologist,C,West-2,West,29,1220,2.9,10,5,17,52,23.88,5,2026-03-29,1.71,2,0,267,484,-44.83
H0037,Dr. HCP_0037,Oncologist,B,North-1,North,148,6361,14.8,10,5,36,148,20.39,5,2026-03-30,4.11,1,0,1613,2160,-25.32
H0038,Dr. HCP_0038,Neurologist,A,North-2,North,143,5904,14.3,10,5,14,63,18.07,5,2026-03-24,10.21,7,0,1419,2078,-31.71
H0039,Dr. HCP_0039,Pulmonologist,B,Central-1,Central,130,5017,13.0,10,5,33,137,18.06,5,2026-02-14,3.94,45,0,1597,1792,-10.88
H0040,Dr. HCP_0040,Cardiologist,B,East-2,East,37,1367,3.7,10,5,9,40,19.56,4,2026-03-19,4.11,12,0,420,389,7.97
H0041,Dr. HCP_0041,Pulmonologist,A,East-2,East,76,3311,7.6,10,5,10,41,20.6,5,2026-01-06,7.6,84,0,898,1224,-26.63
H0042,Dr. HCP_0042,Neurologist,B,West-2,West,49,2118,4.9,10,5,15,43,25.13,5,2026-03-30,3.27,1,0,856,389,120.05
H0043,Dr. HCP_0043,General Physician,A,Central-2,Central,86,3352,8.6,10,5,15,56,18.67,5,2026-03-29,5.73,2,0,1070,1235,-13.36
H0044,Dr. HCP_0044,Pulmonologist,C,Central-1,Central,52,2003,5.2,10,5,41,171,22.1,5,2026-03-30,1.27,1,0,854,583,46.48
H0045,Dr. HCP_0045,Pulmonologist,B,South-1,South,109,4119,10.9,10,5,28,106,19.04,5,2026-03-19,3.89,12,0,968,1369,-29.29
H0046,Dr. HCP_0046,General Physician,B,North-2,North,202,8681,20.2,10,5,42,186,23.31,5,2026-03-29,4.81,2,0,2177,2478,-12.15
H0047,Dr. HCP_0047,Pulmonologist,B,East-1,East,0,0,0.0,0,0,0,0,0.0,0,,,304,1,0,0,
H0048,Dr. HCP_0048,Endocrinologist,B,East-2,East,33,1351,3.3,10,4,8,41,21.63,4,2025-12-03,4.13,118,0,502,475,5.68
H0049,Dr. HCP_0049,Oncologist,B,Central-1,Central,156,6114,15.6,10,5,35,142,19.34,5,2026-03-26,4.46,5,0,1435,1776,-19.2
H0050,Dr. HCP_0050,Cardiologist,A,North-1,North,125,4853,12.5,10,5,21,83,18.38,5,2026-03-04,5.95,27,0,910,1336,-31.89
H0051,Dr. HCP_0051,Cardiologist,C,East-1,East,0,0,0.0,0,0,0,0,0.0,0,,,304,1,0,0,
H0052,Dr. HCP_0052,Endocrinologist,C,East-2,East,26,1030,2.6,7,5,16,54,22.19,5,2026-03-27,1.63,4,0,179,531,-66.29
H0053,Dr. HCP_0053,General Physician,C,South-1,South,45,1769,4.5,10,5,32,148,19.44,5,2026-03-07,1.41,24,0,595,548,8.58
H0054,Dr. HCP_0054,General Physician,C,Central-1,Central,68,2758,6.8,10,5,44,178,20.02,5,2026-03-21,1.55,10,0,1169,557,109.87
H0055,Dr. HCP_0055,Cardiologist,B,Central-1,Central,181,6670,18.1,10,5,44,182,21.27,5,2026-03-29,4.11,2,0,1816,2305,-21.21
H0056,Dr. HCP_0056,General Physician,C,North-2,North,73,2972,7.3,10,5,67,276,20.09,5,2026-03-28,1.09,3,0,1135,715,58.74
H0057,Dr. HCP_0057,Cardiologist,A,Central-1,Central,107,4666,10.7,10,5,14,49,20.93,5,2026-03-27,7.64,4,0,1337,1539,-13.13
H0058,Dr. HCP_0058,Neurologist,A,Central-2,Central,41,1530,4.1,10,4,8,26,20.88,4,2026-03-31,5.13,0,0,553,436,26.83
H0059,Dr. HCP_0059,Endocrinologist,A,West-1,West,128,5025,12.8,10,4,13,40,22.0,4,2026-02-02,9.85,57,0,1595,1707,-6.56
H0060,Dr. HCP_0060,Pulmonologist,B,East-1,East,0,0,0.0,0,0,0,0,0.0,0,,,304,1,0,0,
H0061,Dr. HCP_0061,Endocrinologist,B,East-2,East,42,1646,4.2,10,5,10,31,15.7,5,2026-03-25,4.2,6,0,413,460,-10.22
H0062,Dr. HCP_0062,Pulmonologist,B,North-2,North,116,4251,11.6,10,5,42,206,21.52,5,2026-03-28,2.76,3,0,1786,871,105.05
H0063,Dr. HCP_0063,General Physician,C,Central-2,Central,13,564,1.3,8,3,14,61,23.07,5,2026-03-18,0.93,13,0,287,93,208.6
H0064,Dr. HCP_0064,Endocrinologist,B,South-2,South,193,7903,19.3,10,5,53,191,19.66,5,2026-03-18,3.64,13,0,2274,2693,-15.56
H0065,Dr. HCP_0065,Cardiologist,B,West-1,West,50,1933,5.0,10,4,13,40,18.92,4,2026-03-09,3.85,22,0,368,490,-24.9
H0066,Dr. HCP_0066,Oncologist,B,East-2,East,61,2425,6.1,10,4,13,53,20.0,5,2026-03-25,4.69,6,0,792,546,45.05
H0067,Dr. HCP_0067,Endocrinologist,A,East-1,East,3,94,0.3,3,1,0,0,0.0,0,,,304,1,23,71,-67.61
H0068,Dr. HCP_0068,Cardiologist,C,West-1,West,16,583,1.6,9,5,14,59,22.64,5,2026-03-23,1.14,8,0,178,98,81.63
H0069,Dr. HCP_0069,Endocrinologist,A,South-2,South,224,9832,22.4,10,5,23,114,21.74,5,2026-03-31,9.74,0,0,2322,3941,-41.08
H0070,Dr. HCP_0070,Pulmonologist,C,East-2,East,35,1265,3.5,9,5,21,74,21.0,5,2026-03-18,1.67,13,0,495,371,33.42
H0071,Dr. HCP_0071,Cardiologist,C,South-2,South,78,2951,7.8,10,5,71,274,20.0,5,2026-03-27,1.1,4,0,735,862,-14.73
H0072,Dr. HCP_0072,Pulmonologist,A,West-1,West,68,2613,6.8,10,5,8,32,24.0,4,2025-12-31,8.5,90,0,658,918,-28.32
H0073,Dr. HCP_0073,Pulmonologist,A,North-2,North,50,2093,5.0,10,5,13,72,19.69,5,2026-03-23,3.85,8,0,492,738,-33.33
H0074,Dr. HCP_0074,Oncologist,C,Central-1,Central,76,3184,7.6,10,5,45,215,18.91,5,2026-03-31,1.69,0,0,875,1158,-24.44
H0075,Dr. HCP_0075,Cardiologist,C,North-1,North,54,2069,5.4,10,5,42,153,19.48,5,2026-03-24,1.29,7,0,502,714,-29.69
H0076,Dr. HCP_0076,Neurologist,C,South-1,South,68,2682,6.8,10,5,32,132,19.03,5,2026-03-15,2.13,16,0,875,871,0.46
H0077,Dr. HCP_0077,Cardiologist,C,North-1,North,62,2417,6.2,10,5,47,184,21.28,5,2026-03-31,1.32,0,0,673,656,2.59
H0078,Dr. HCP_0078,General Physician,A,East-2,East,70,3236,7.0,10,5,6,19,21.33,3,2025-12-20,11.67,101,0,987,1022,-3.42
H0079,Dr. HCP_0079,Neurologist,B,West-1,West,71,3023,7.1,10,5,18,66,20.89,5,2026-02-24,3.94,35,0,766,720,6.39
H0080,Dr. HCP_0080,Neurologist,A,West-1,West,23,760,2.3,8,3,3,8,20.67,3,2026-03-08,7.67,23,0,307,60,411.67
H0081,Dr. HCP_0081,Cardiologist,C,East-1,East,4,163,0.4,4,1,0,0,0.0,0,,,304,1,77,86,-10.47
H0082,Dr. HCP_0082,Neurologist,B,North-1,North,178,7117,17.8,10,5,35,120,21.29,5,2026-03-15,5.09,16,0,2193,2203,-0.45
H0083,Dr. HCP_0083,Oncologist,B,East-2,East,21,830,2.1,9,5,11,57,22.18,4,2026-03-29,1.91,2,0,238,238,0.0
H0084,Dr. HCP_0084,Neurologist,A,East-2,East,36,1436,3.6,10,5,6,21,22.17,5,2026-03-29,6.0,2,0,421,448,-6.03
H0085,Dr. HCP_0085,General Physician,B,North-2,North,154,6594,15.4,10,5,32,136,19.97,5,2026-03-31,4.81,0,0,1936,2433,-20.43
H0086,Dr. HCP_0086,Pulmonologist,B,Central-1,Central,145,5604,14.5,10,5,37,148,21.41,5,2026-03-31,3.92,0,0,1509,1844,-18.17
H0087,Dr. HCP_0087,Oncologist,C,East-2,East,20,805,2.0,9,4,12,41,24.33,5,2026-03-21,1.67,10,0,129,228,-43.42
H0088,Dr. HCP_0088,Endocrinologist,B,Central-1,Central,49,2071,4.9,10,5,25,108,19.96,5,2026-03-25,1.96,6,0,490,761,-35.61
H0089,Dr. HCP_0089,General Physician,C,West-1,West,37,1527,3.7,10,5,17,69,21.53,5,2026-03-22,2.18,9,0,625,295,111.86
H0090,Dr. HCP_0090,Neurologist,B,South-1,South,68,2663,6.8,10,5,19,66,19.21,5,2026-03-24,3.58,7,0,790,725,8.97
H0091,Dr. HCP_0091,Neurologist,A,West-1,West,38,1603,3.8,10,5,7,29,15.29,5,2026-03-19,5.43,12,0,628,283,121.91
H0092,Dr. HCP_0092,Pulmonologist,C,East-1,East,0,0,0.0,0,0,0,0,0.0,0,,,304,1,0,0,
H0093,Dr. HCP_0093,Neurologist,C,West-1,West,21,890,2.1,8,5,14,44,17.64,4,2026-03-30,1.5,1,0,281,189,48.68
H0094,Dr. HCP_0094,Oncologist,B,West-2,West,29,1149,2.9,10,4,9,44,21.44,3,2026-03-19,3.22,12,0,272,342,-20.47
H0095,Dr. HCP_0095,Neurologist,C,South-2,South,95,3805,9.5,10,5,64,241,19.59,5,2026-03-23,1.48,8,0,1093,1091,0.18
H0096,Dr. HCP_0096,General Physician,B,South-1,South,176,7002,17.6,10,5,30,134,20.93,5,2026-03-10,5.87,21,0,2128,1953,8.96
H0097,Dr. HCP_0097,Neurologist,B,East-1,East,9,374,0.9,6,2,0,0,0.0,0,,,304,1,225,25,800.0
H0098,Dr. HCP_0098,Endocrinologist,B,North-2,North,130,4845,13.0,10,5,38,131,20.74,5,2026-03-29,3.42,2,0,1239,1390,-10.86
H0099,Dr. HCP_0099,Endocrinologist,A,South-2,South,170,7095,17.0,10,5,19,64,21.63,5,2026-03-30,8.95,1,0,2315,2325,-0.43
H0100,Dr. HCP_0100,Cardiologist,A,North-1,North,116,4378,11.6,10,5,13,40,18.46,5,2026-03-20,8.92,11,0,1436,1424,0.84
H0101,Dr. HCP_0101,Neurologist,A,West-2,West,39,1651,3.9,10,5,6,25,28.33,4,2026-03-02,6.5,29,0,363,474,-23.42
H0102,Dr. HCP_0102,Oncologist,B,West-2,West,70,2607,7.0,10,5,15,55,21.0,5,2026-03-09,4.67,22,0,1097,670,63.73
H0103,Dr. HCP_0103,Oncologist,B,West-1,West,60,2360,6.0,9,5,13,59,12.85,5,2026-03-25,4.62,6,0,555,588,-5.61
H0104,Dr. HCP_0104,Endocrinologist,B,South-2,South,96,3755,9.6,10,5,33,112,20.24,5,2026-03-01,2.91,30,0,1108,1331,-16.75
H0105,Dr. HCP_0105,Oncologist,C,North-2,North,76,3008,7.6,10,5,52,213,20.62,5,2026-03-31,1.46,0,0,1055,843,25.15
H0106,Dr. HCP_0106,General Physician,B,South-1,South,60,2131,6.0,10,5,25,97,20.96,5,2026-03-13,2.4,18,0,685,593,15.51
H0107,Dr. HCP_0107,Neurologist,B,North-1,North,149,5940,14.9,10,5,39,142,19.15,5,2026-03-24,3.82,7,0,1770,1472,20.24
H0108,Dr. HCP_0108,Oncologist,C,North-2,North,78,3154,7.8,10,5,44,178,20.64,5,2026-03-19,1.77,12,0,1073,890,20.56
H0109,Dr. HCP_0109,General Physician,B,West-2,West,53,1979,5.3,9,5,13,58,19.92,5,2026-03-27,4.08,4,0,638,500,27.6
H0110,Dr. HCP_0110,Neurologist,A,West-2,West,46,1650,4.6,10,5,9,34,19.78,5,2026-03-11,5.11,20,0,609,326,86.81
H0111,Dr. HCP_0111,Oncologist,B,Central-1,Central,77,3295,7.7,10,5,31,113,20.19,5,2026-02-25,2.48,34,0,1163,652,78.37
H0112,Dr. HCP_0112,Oncologist,A,West-2,West,82,3449,8.2,10,5,10,35,22.8,5,2025-12-18,8.2,103,0,951,1044,-8.91
H0113,Dr. HCP_0113,General Physician,C,South-2,South,93,3594,9.3,10,5,81,321,21.09,5,2026-03-29,1.15,2,0,859,1371,-37.35
H0114,Dr. HCP_0114,Oncologist,C,Central-1,Central,106,4037,10.6,10,5,51,200,19.04,5,2026-03-27,2.08,4,0,1373,1114,23.25
H0115,Dr. HCP_0115,Oncologist,B,East-1,East,3,77,0.3,3,1,0,0,0.0,0,,,304,1,0,54,-100.0
H0116,Dr. HCP_0116,Endocrinologist,C,East-1,East,4,140,0.4,4,1,0,0,0.0,0,,,304,1,25,43,-41.86
H0117,Dr. HCP_0117,Pulmonologist,C,East-2,East,25,1071,2.5,10,4,17,65,20.24,5,2026-03-25,1.47,6,0,475,301,57.81
H0118,Dr. HCP_0118,Endocrinologist,A,South-1,South,70,2448,7.0,10,5,12,37,20.42,4,2026-02-19,5.83,40,0,627,923,-32.07
H0119,Dr. HCP_0119,General Physician,C,West-1,West,35,1351,3.5,10,5,22,96,18.86,5,2026-03-10,1.59,21,0,365,588,-37.93
H0120,Dr. HCP_0120,Cardiologist,B,South-2,South,239,9324,23.9,10,5,50,211,22.88,5,2026-03-13,4.78,18,0,3018,2850,5.89
H0121,Dr. HCP_0121,Pulmonologist,C,West-1,West,41,1680,4.1,10,5,27,111,21.59,5,2026-03-16,1.52,15,0,284,909,-68.76
H0122,Dr. HCP_0122,Cardiologist,C,West-1,West,24,854,2.4,9,5,15,75,18.33,5,2026-03-27,1.6,4,0,292,266,9.77
H0123,Dr. HCP_0123,Oncologist,B,West-1,West,48,1852,4.8,10,5,12,43,14.0,5,2026-03-27,4.0,4,0,638,469,36.03
H0124,Dr. HCP_0124,Oncologist,A,Central-2,Central,20,814,2.0,9,3,2,10,22.0,2,2026-03-04,10.0,27,0,228,321,-28.97
H0125,Dr. HCP_0125,Pulmonologist,B,North-1,North,90,3364,9.0,10,5,30,115,19.1,5,2026-03-19,3.0,12,0,1138,1270,-10.39
H0126,Dr. HCP_0126,Oncologist,B,West-1,West,48,2052,4.8,10,5,17,69,20.29,5,2026-02-27,2.82,32,0,474,818,-42.05
H0127,Dr. HCP_0127,Endocrinologist,C,West-2,West,48,1824,4.8,10,5,19,97,19.47,5,2026-03-16,2.53,15,0,429,737,-41.79
H0128,Dr. HCP_0128,Oncologist,C,West-1,West,42,1541,4.2,10,5,24,90,19.33,5,2026-03-22,1.75,9,0,418,328,27.44
H0129,Dr. HCP_0129,Pulmonologist,A,West-1,West,55,2341,5.5,10,5,7,34,21.14,3,2026-03-07,7.86,24,0,551,696,-20.83
H0130,Dr. HCP_0130,Oncologist,B,South-1,South,135,5467,13.5,10,5,33,128,23.03,5,2026-03-26,4.09,5,0,1427,1972,-27.64
H0131,Dr. HCP_0131,Neurologist,B,Central-2,Central,32,1364,3.2,9,5,10,47,16.9,5,2026-03-05,3.2,26,0,418,299,39.8
H0132,Dr. HCP_0132,Neurologist,B,West-1,West,62,2432,6.2,10,4,11,53,18.73,5,2026-03-17,5.64,14,0,864,617,40.03
H0133,Dr. HCP_0133,General Physician,A,North-2,North,251,9731,25.1,10,5,28,110,19.36,5,2026-03-24,8.96,7,0,2826,3450,-18.09
H0134,Dr. HCP_0134,Oncologist,B,South-1,South,49,1906,4.9,9,5,24,102,19.83,5,2026-03-28,2.04,3,0,608,688,-11.63
H0135,Dr. HCP_0135,Pulmonologist,C,North-1,North,120,4850,12.0,10,5,52,220,19.15,5,2026-03-19,2.31,12,0,1419,1404,1.07
H0136,Dr. HCP_0136,Endocrinologist,B,East-2,East,20,836,2.0,8,5,8,19,26.13,4,2026-01-25,2.5,65,0,186,188,-1.06
H0137,Dr. HCP_0137,Pulmonologist,B,East-2,East,40,1446,4.0,10,5,13,51,18.38,4,2026-03-08,3.08,23,0,518,523,-0.96
H0138,Dr. HCP_0138,Oncologist,C,East-1,East,7,266,0.7,5,2,0,0,0.0,0,,,304,1,33,167,-80.24
H0139,Dr. HCP_0139,Oncologist,B,North-2,North,98,4246,9.8,10,5,34,147,19.38,5,2026-03-16,2.88,15,0,1045,1612,-35.17
H0140,Dr. HCP_0140,Cardiologist,C,Central-1,Central,81,3091,8.1,10,5,63,275,18.14,5,2026-03-30,1.29,1,0,1010,756,33.6
H0141,Dr. HCP_0141,General Physician,C,South-2,South,77,2840,7.7,10,5,61,269,18.48,5,2026-03-29,1.26,2,0,880,786,11.96
H0142,Dr. HCP_0142,Cardiologist,B,North-1,North,109,4337,10.9,10,5,32,134,19.72,5,2026-03-24,3.41,7,0,1243,1256,-1.04
H0143,Dr. HCP_0143,Cardiologist,B,South-2,South,242,9862,24.2,10,5,58,245,18.43,5,2026-03-27,4.17,4,0,3372,2833,19.03
H0144,Dr. HCP_0144,Endocrinologist,B,South-2,South,246,9238,24.6,10,5,72,302,20.76,5,2026-03-27,3.42,4,0,3033,2796,8.48
H0145,Dr. HCP_0145,Neurologist,B,North-2,North,175,6960,17.5,10,5,33,117,18.15,5,2026-03-23,5.3,8,0,2115,2200,-3.86
H0146,Dr. HCP_0146,General Physician,A,West-2,West,53,2334,5.3,10,4,8,30,21.88,3,2026-03-07,6.63,24,0,819,743,10.23
H0147,Dr. HCP_0147,Endocrinologist,B,East-2,East,50,1875,5.0,10,4,11,46,23.18,4,2026-03-15,4.55,16,0,567,399,42.11
H0148,Dr. HCP_0148,Pulmonologist,B,South-1,South,140,5264,14.0,10,5,33,132,21.97,5,2026-03-18,4.24,13,0,1268,1785,-28.96
H0149,Dr. HCP_0149,Cardiologist,A,Central-2,Central,20,812,2.0,8,3,3,13,20.33,3,2026-01-26,6.67,64,0,241,294,-18.03
H0150,Dr. HCP_0150,General Physician,B,Central-2,Central,40,1664,4.0,10,4,7,18,21.0,4,2026-03-26,5.71,5,0,419,602,-30.4
H0151,Dr. HCP_0151,General Physician,C,West-1,West,28,1132,2.8,10,4,14,46,20.43,5,2026-03-19,2.0,12,0,429,327,31.19
H0152,Dr. HCP_0152,Neurologist,B,North-2,North,117,5108,11.7,10,5,36,124,20.36,5,2026-03-27,3.25,4,0,1538,1454,5.78
H0153,Dr. HCP_0153,General Physician,A,North-2,North,130,4822,13.0,10,5,17,46,20.06,5,2026-03-24,7.65,7,0,1507,1165,29.36
H0154,Dr. HCP_0154,Cardiologist,B,Central-2,Central,49,2095,4.9,10,5,15,62,20.13,5,2026-03-30,3.27,1,0,556,589,-5.6
H0155,Dr. HCP_0155,Neurologist,C,East-2,East,25,1055,2.5,10,5,18,83,21.89,5,2026-03-31,1.39,0,0,289,310,-6.77
H0156,Dr. HCP_0156,Cardiologist,B,East-2,East,58,2471,5.8,10,5,15,54,19.13,5,2026-03-03,3.87,28,0,624,1028,-39.3
H0157,Dr. HCP_0157,Oncologist,B,North-1,North,73,3063,7.3,10,5,23,100,18.39,5,2026-03-18,3.17,13,0,829,851,-2.59
H0158,Dr. HCP_0158,Oncologist,C,North-2,North,106,4285,10.6,10,5,63,213,21.86,5,2026-03-30,1.68,1,0,1308,1353,-3.33
H0159,Dr. HCP_0159,General Physician,B,West-2,West,32,1259,3.2,9,5,13,40,24.62,5,2026-03-04,2.46,27,0,293,181,61.88
H0160,Dr. HCP_0160,Endocrinologist,C,West-1,West,30,1128,3.0,10,5,29,128,21.97,5,2026-03-23,1.03,8,0,281,454,-38.11
H0161,Dr. HCP_0161,Neurologist,B,Central-2,Central,40,1546,4.0,10,5,14,67,22.14,5,2026-03-22,2.86,9,0,542,401,35.16
H0162,Dr. HCP_0162,Oncologist,B,West-2,West,48,1716,4.8,10,5,13,37,22.23,5,2026-03-06,3.69,25,0,584,454,28.63
H0163,Dr. HCP_0163,Endocrinologist,B,East-2,East,51,2242,5.1,10,5,10,49,18.8,5,2026-03-10,5.1,21,0,670,530,26.42
H0164,Dr. HCP_0164,Oncologist,B,East-1,East,4,168,0.4,4,1,0,0,0.0,0,,,304,1,39,76,-48.68
H0165,Dr. HCP_0165,Neurologist,A,West-2,West,34,1297,3.4,10,4,2,8,30.0,2,2025-08-05,17.0,238,0,485,202,140.1
H0166,Dr. HCP_0166,Cardiologist,C,East-2,East,24,998,2.4,7,5,14,55,19.93,5,2026-03-31,1.71,0,0,256,156,64.1
H0167,Dr. HCP_0167,Endocrinologist,B,East-2,East,23,1073,2.3,8,4,9,29,22.67,4,2026-03-25,2.56,6,0,140,301,-53.49
H0168,Dr. HCP_0168,Pulmonologist,A,South-2,South,140,5574,14.0,10,5,21,75,22.71,5,2026-03-27,6.67,4,0,1632,1789,-8.78
H0169,Dr. HCP_0169,Pulmonologist,A,East-2,East,73,3193,7.3,10,4,8,41,21.75,4,2026-03-27,9.13,4,0,1435,780,83.97
H0170,Dr. HCP_0170,Cardiologist,B,Central-1,Central,106,4141,10.6,10,5,29,126,21.21,5,2026-03-11,3.66,20,0,1128,1366,-17.42
H0171,Dr. HCP_0171,Endocrinologist,B,North-2,North,142,5649,14.2,10,5,37,158,21.76,5,2026-03-31,3.84,0,0,1736,1652,5.08
H0172,Dr. HCP_0172,Neurologist,A,West-2,West,48,2011,4.8,10,3,3,11,17.33,2,2025-12-25,16.0,96,0,621,529,17.39
H0173,Dr. HCP_0173,General Physician,B,West-2,West,72,2912,7.2,10,5,19,87,17.37,5,2026-03-28,3.79,3,0,1218,639,90.61
H0174,Dr. HCP_0174,Cardiologist,B,West-2,West,52,2213,5.2,10,5,16,66,21.06,5,2026-03-25,3.25,6,0,738,607,21.58
H0175,Dr. HCP_0175,Endocrinologist,B,East-1,East,4,152,0.4,4,2,0,0,0.0,0,,,304,1,26,72,-63.89
H0176,Dr. HCP_0176,Pulmonologist,A,South-2,South,218,7683,21.8,10,5,31,132,19.16,5,2026-03-29,7.03,2,0,2718,1819,49.42
H0177,Dr. HCP_0177,Neurologist,B,West-2,West,52,2182,5.2,10,4,10,32,15.2,4,2026-03-07,5.2,24,0,789,581,35.8
H0178,Dr. HCP_0178,General Physician,B,West-1,West,22,777,2.2,9,4,8,33,20.0,4,2026-03-21,2.75,10,0,154,174,-11.49
H0179,Dr. HCP_0179,General Physician,C,East-2,East,16,633,1.6,9,4,12,50,19.58,4,2026-02-10,1.33,49,0,165,216,-23.61
H0180,Dr. HCP_0180,Pulmonologist,A,East-1,East,2,75,0.2,2,1,0,0,0.0,0,,,304,1,26,0,
H0181,Dr. HCP_0181,Cardiologist,B,South-2,South,218,8432,21.8,10,5,40,147,21.73,5,2026-03-13,5.45,18,0,2231,2725,-18.13
H0182,Dr. HCP_0182,Cardiologist,A,East-2,East,63,2455,6.3,10,5,7,34,17.57,3,2026-03-31,9.0,0,0,826,563,46.71
H0183,Dr. HCP_0183,Endocrinologist,C,South-2,South,89,3395,8.9,10,5,72,298,18.44,5,2026-03-31,1.24,0,0,818,1300,-37.08
H0184,Dr. HCP_0184,General Physician,C,East-1,East,4,209,0.4,3,1,0,0,0.0,0,,,304,1,0,48,-100.0
H0185,Dr. HCP_0185,Endocrinologist,B,North-2,North,147,5915,14.7,10,5,38,152,22.84,5,2026-03-30,3.87,1,0,1374,1977,-30.5
H0186,Dr. HCP_0186,Pulmonologist,B,South-2,South,160,6613,16.0,10,5,33,110,20.15,5,2026-03-21,4.85,10,0,1999,2210,-9.55
H0187,Dr. HCP_0187,Cardiologist,C,East-1,East,9,429,0.9,7,2,0,0,0.0,0,,,304,1,114,57,100.0
H0188,Dr. HCP_0188,Cardiologist,B,East-1,East,0,0,0.0,0,0,0,0,0.0,0,,,304,1,0,0,
H0189,Dr. HCP_0189,Pulmonologist,B,Central-1,Central,153,6162,15.3,10,5,34,133,20.06,5,2026-03-29,4.5,2,0,1497,2020,-25.89
H0190,Dr. HCP_0190,Cardiologist,B,West-2,West,78,2891,7.8,10,5,15,66,16.07,5,2026-02-27,5.2,32,0,1211,779,55.46
H0191,Dr. HCP_0191,Pulmonologist,A,Central-2,Central,18,699,1.8,9,4,4,3,21.0,3,2026-02-01,4.5,58,0,273,189,44.44
H0192,Dr. HCP_0192,Oncologist,C,West-2,West,16,586,1.6,7,5,13,56,23.92,5,2026-03-18,1.23,13,0,55,281,-80.43
H0193,Dr. HCP_0193,Cardiologist,C,South-1,South,64,2719,6.4,10,5,39,130,20.08,5,2026-03-30,1.64,1,0,911,837,8.84
H0194,Dr. HCP_0194,Cardiologist,B,West-2,West,47,1871,4.7,10,5,15,49,19.13,5,2026-03-31,3.13,0,0,775,494,56.88
H0195,Dr. HCP_0195,Oncologist,B,West-1,West,30,1378,3.0,10,5,11,46,19.45,5,2026-03-28,2.73,3,0,533,434,22.81
H0196,Dr. HCP_0196,General Physician,B,Central-2,Central,34,1297,3.4,10,5,13,58,22.77,5,2026-03-20,2.62,11,0,417,412,1.21
H0197,Dr. HCP_0197,Endocrinologist,C,South-1,South,61,2393,6.1,10,5,37,130,22.32,5,2026-03-13,1.65,18,0,913,583,56.6
H0198,Dr. HCP_0198,Endocrinologist,C,North-2,North,123,5061,12.3,10,5,56,215,18.96,5,2026-03-16,2.2,15,0,1343,1350,-0.52
H0199,Dr. HCP_0199,Oncologist,C,Central-1,Central,68,2838,6.8,10,5,35,131,22.14,5,2026-03-30,1.94,1,0,809,892,-9.3
H0200,Dr. HCP_0200,Oncologist,C,Central-1,Central,75,2807,7.5,10,5,49,167,19.37,5,2026-03-28,1.53,3,0,821,931,-11.82
H0201,Dr. HCP_0201,Pulmonologist,B,West-2,West,49,2014,4.9,9,5,16,53,22.0,5,2026-03-22,3.06,9,0,566,596,-5.03
H0202,Dr. HCP_0202,Neurologist,A,East-1,East,5,279,0.5,3,1,0,0,0.0,0,,,304,1,0,58,-100.0
H0203,Dr. HCP_0203,General Physician,A,Central-2,Central,48,2063,4.8,10,4,5,21,23.8,3,2026-03-12,9.6,19,0,487,822,-40.75
H0204,Dr. HCP_0204,General Physician,C,South-2,South,127,4964,12.7,10,5,75,287,18.05,5,2026-03-26,1.69,5,0,1729,1588,8.88
H0205,Dr. HCP_0205,General Physician,B,East-1,East,2,61,0.2,2,1,0,0,0.0,0,,,304,1,0,31,-100.0
H0206,Dr. HCP_0206,Endocrinologist,A,South-1,South,117,4757,11.7,10,5,12,41,19.25,5,2026-03-24,9.75,7,0,1724,1556,10.8
H0207,Dr. HCP_0207,Cardiologist,A,Central-1,Central,62,2170,6.2,10,5,9,46,22.33,4,2026-03-14,6.89,17,0,485,773,-37.26
H0208,Dr. HCP_0208,Oncologist,B,North-1,North,132,5643,13.2,10,5,40,181,18.05,5,2026-03-31,3.3,0,0,1818,1315,38.25
H0209,Dr. HCP_0209,Oncologist,A,Central-2,Central,61,2622,6.1,10,5,9,35,20.67,5,2026-03-09,6.78,22,0,873,535,63.18
H0210,Dr. HCP_0210,Endocrinologist,A,North-1,North,79,3317,7.9,10,5,15,56,20.0,5,2026-03-21,5.27,10,0,514,1282,-59.91
H0211,Dr. HCP_0211,General Physician,B,East-1,East,4,194,0.4,4,1,0,0,0.0,0,,,304,1,58,96,-39.58
H0212,Dr. HCP_0212,General Physician,B,North-2,North,195,7660,19.5,10,5,39,136,18.33,5,2026-03-28,5.0,3,0,2136,1954,9.31
H0213,Dr. HCP_0213,General Physician,B,East-1,East,3,125,0.3,3,1,0,0,0.0,0,,,304,1,0,49,-100.0
H0214,Dr. HCP_0214,Cardiologist,B,West-1,West,26,1034,2.6,10,5,13,48,20.38,5,2026-02-27,2.0,32,0,295,268,10.07
H0215,Dr. HCP_0215,Pulmonologist,C,South-1,South,66,2987,6.6,10,5,40,150,18.45,5,2026-03-22,1.65,9,0,905,899,0.67
H0216,Dr. HCP_0216,Cardiologist,B,North-2,North,120,5223,12.0,10,5,43,211,19.88,5,2026-03-26,2.79,5,0,1849,1727,7.06
H0217,Dr. HCP_0217,Neurologist,B,East-1,East,0,0,0.0,0,0,0,0,0.0,0,,,304,1,0,0,
H0218,Dr. HCP_0218,Cardiologist,C,West-2,West,27,1059,2.7,9,5,23,77,18.87,5,2026-03-29,1.17,2,0,261,365,-28.49
H0219,Dr. HCP_0219,General Physician,B,East-1,East,6,193,0.6,5,2,0,0,0.0,0,,,304,1,119,44,170.45
H0220,Dr. HCP_0220,Neurologist,C,East-1,East,1,21,0.1,1,1,0,0,0.0,0,,,304,1,0,21,-100.0
H0221,Dr. HCP_0221,Cardiologist,B,West-2,West,42,1715,4.2,10,5,11,40,14.73,4,2026-03-13,3.82,18,0,527,416,26.68
H0222,Dr. HCP_0222,General Physician,B,West-1,West,50,2126,5.0,10,4,12,45,15.08,5,2026-02-21,4.17,38,0,594,737,-19.4
H0223,Dr. HCP_0223,Pulmonologist,A,Central-2,Central,64,2606,6.4,10,5,8,44,19.5,4,2026-02-25,8.0,34,0,891,786,13.36
H0224,Dr. HCP_0224,Endocrinologist,B,North-2,North,141,6027,14.1,10,5,31,92,19.45,5,2026-03-24,4.55,7,0,2138,1502,42.34
H0225,Dr. HCP_0225,Neurologist,B,East-1,East,7,250,0.7,4,3,0,0,0.0,0,,,304,1,25,186,-86.56
H0226,Dr. HCP_0226,Oncologist,B,South-1,South,90,3429,9.0,10,5,24,91,18.08,5,2026-03-15,3.75,16,0,1155,995,16.08
H0227,Dr. HCP_0227,Endocrinologist,C,East-1,East,8,381,0.8,6,2,0,0,0.0,0,,,304,1,84,187,-55.08
H0228,Dr. HCP_0228,Cardiologist,B,West-2,West,41,1575,4.1,10,4,8,27,16.88,4,2025-12-22,5.13,99,0,486,463,4.97
H0229,Dr. HCP_0229,Oncologist,C,East-2,East,21,839,2.1,10,5,23,75,20.26,5,2026-03-31,0.91,0,0,479,193,148.19
H0230,Dr. HCP_0230,General Physician,B,East-2,East,54,1990,5.4,10,5,11,35,17.27,5,2026-02-17,4.91,42,0,551,743,-25.84
H0231,Dr. HCP_0231,Pulmonologist,C,South-1,South,39,1728,3.9,10,5,42,156,18.21,5,2026-03-28,0.93,3,0,622,434,43.32
H0232,Dr. HCP_0232,Pulmonologist,B,West-2,West,39,1631,3.9,10,4,18,71,19.89,4,2026-03-17,2.17,14,0,570,546,4.4
H0233,Dr. HCP_0233,Cardiologist,B,Central-1,Central,128,4642,12.8,10,5,27,114,19.81,5,2026-03-08,4.74,23,0,979,1937,-49.46
H0234,Dr. HCP_0234,Pulmonologist,B,North-2,North,185,7167,18.5,10,5,40,148,21.38,5,2026-03-24,4.63,7,0,2091,2316,-9.72
H0235,Dr. HCP_0235,Cardiologist,A,East-2,East,25,964,2.5,9,3,2,10,19.0,2,2025-11-25,12.5,126,0,240,289,-16.96
H0236,Dr. HCP_0236,Cardiologist,C,Central-1,Central,102,3932,10.2,10,5,58,226,20.6,5,2026-03-30,1.76,1,0,894,1922,-53.49
H0237,Dr. HCP_0237,Cardiologist,B,West-1,West,67,2589,6.7,10,5,18,74,20.22,5,2026-03-02,3.72,29,0,696,998,-30.26
H0238,Dr. HCP_0238,Pulmonologist,A,Central-1,Central,53,2100,5.3,10,5,7,34,19.71,3,2026-03-05,7.57,26,0,564,634,-11.04
H0239,Dr. HCP_0239,Cardiologist,B,West-2,West,21,855,2.1,9,4,6,22,22.17,4,2026-02-20,3.5,39,0,252,222,13.51
H0240,Dr. HCP_0240,Neurologist,A,East-1,East,5,120,0.5,4,1,0,0,0.0,0,,,304,1,22,74,-70.27
H0241,Dr. HCP_0241,Oncologist,C,East-1,East,1,22,0.1,1,1,0,0,0.0,0,,,304,1,0,22,-100.0
H0242,Dr. HCP_0242,Cardiologist,C,North-2,North,112,4668,11.2,10,5,63,254,20.68,5,2026-03-20,1.78,11,0,1249,1460,-14.45
H0243,Dr. HCP_0243,Pulmonologist,C,South-1,South,73,2742,7.3,10,5,42,171,21.19,5,2026-03-29,1.74,2,0,718,733,-2.05
H0244,Dr. HCP_0244,Oncologist,B,Central-1,Central,89,3362,8.9,10,5,27,112,19.48,5,2026-03-29,3.3,2,0,1144,902,26.83
H0245,Dr. HCP_0245,Cardiologist,A,South-2,South,287,11848,28.7,10,5,27,106,16.15,5,2026-03-26,10.63,5,0,3450,3824,-9.78
H0246,Dr. HCP_0246,General Physician,C,North-2,North,78,2982,7.8,10,5,47,201,21.96,5,2026-03-19,1.66,12,0,766,1196,-35.95
H0247,Dr. HCP_0247,General Physician,B,West-2,West,52,2012,5.2,10,5,13,61,19.62,5,2026-03-01,4.0,30,0,775,276,180.8
H0248,Dr. HCP_0248,General Physician,C,Central-1,Central,86,3470,8.6,10,5,40,180,21.0,5,2026-03-30,2.15,1,0,1112,1050,5.9
H0249,Dr. HCP_0249,Oncologist,C,West-1,West,27,989,2.7,9,5,16,68,19.31,4,2026-03-20,1.69,11,0,165,345,-52.17
H0250,Dr. HCP_0250,Oncologist,C,South-2,South,95,3784,9.5,10,5,77,319,20.71,5,2026-03-13,1.23,18,0,866,1335,-35.13
H0251,Dr. HCP_0251,Endocrinologist,B,West-1,West,69,3004,6.9,10,5,17,51,19.0,5,2026-02-27,4.06,32,0,1004,688,45.93
H0252,Dr. HCP_0252,Pulmonologist,B,North-2,North,105,3679,10.5,10,5,28,112,20.64,5,2026-03-28,3.75,3,0,1137,881,29.06
H0253,Dr. HCP_0253,Neurologist,C,East-2,East,19,743,1.9,10,4,18,76,20.5,5,2026-03-15,1.06,16,0,315,196,60.71
H0254,Dr. HCP_0254,Pulmonologist,B,North-1,North,148,5954,14.8,10,5,41,184,19.46,5,2026-03-24,3.61,7,0,1835,1464,25.34
H0255,Dr. HCP_0255,Neurologist,A,Central-2,Central,56,2278,5.6,10,5,7,35,23.29,4,2026-02-02,8.0,57,0,603,544,10.85
H0256,Dr. HCP_0256,Oncologist,B,South-1,South,86,3051,8.6,10,5,25,104,18.88,5,2026-03-19,3.44,12,0,926,712,30.06
H0257,Dr. HCP_0257,Pulmonologist,C,East-2,East,23,972,2.3,9,5,19,91,22.21,5,2026-02-15,1.21,44,0,389,105,270.48
H0258,Dr. HCP_0258,Pulmonologist,B,West-2,West,52,2244,5.2,10,4,15,63,21.0,4,2026-03-31,3.47,0,0,513,704,-27.13
H0259,Dr. HCP_0259,Neurologist,B,South-2,South,155,6163,15.5,10,5,36,132,20.67,5,2026-03-25,4.31,6,0,1909,2016,-5.31
H0260,Dr. HCP_0260,Oncologist,A,South-2,South,132,5135,13.2,10,5,23,82,19.09,5,2026-03-25,5.74,6,0,1233,2113,-41.65
H0261,Dr. HCP_0261,General Physician,B,East-2,East,32,1258,3.2,10,5,12,47,20.08,5,2026-03-13,2.67,18,0,498,274,81.75
H0262,Dr. HCP_0262,Oncologist,C,West-1,West,34,1407,3.4,9,4,22,111,20.86,5,2026-03-27,1.55,4,0,363,430,-15.58
H0263,Dr. HCP_0263,Cardiologist,A,West-2,West,35,1349,3.5,10,4,2,12,15.0,2,2026-01-30,17.5,60,0,445,433,2.77
H0264,Dr. HCP_0264,Neurologist,B,Central-1,Central,104,4405,10.4,10,5,26,107,22.27,5,2026-03-30,4.0,1,0,1519,1112,36.6
H0265,Dr. HCP_0265,Oncologist,C,North-2,North,86,3100,8.6,10,5,45,155,20.24,5,2026-03-27,1.91,4,0,1009,996,1.31
H0266,Dr. HCP_0266,Oncologist,C,Central-1,Central,75,3059,7.5,10,5,54,220,19.69,5,2026-03-29,1.39,2,0,1041,874,19.11
H0267,Dr. HCP_0267,Oncologist,B,South-1,South,111,4902,11.1,10,5,30,109,21.43,5,2026-03-08,3.7,23,0,1653,1120,47.59
H0268,Dr. HCP_0268,Oncologist,C,North-2,North,117,5056,11.7,10,5,66,280,19.74,5,2026-03-30,1.77,1,0,1425,1309,8.86
H0269,Dr. HCP_0269,Neurologist,B,East-2,East,37,1462,3.7,9,4,15,65,20.13,5,2026-03-11,2.47,20,0,437,476,-8.19
H0270,Dr. HCP_0270,Pulmonologist,B,North-2,North,151,5892,15.1,10,5,43,180,18.33,5,2026-03-19,3.51,12,0,1843,1720,7.15
H0271,Dr. HCP_0271,General Physician,C,East-2,East,27,1231,2.7,10,3,17,91,18.35,5,2026-03-14,1.59,17,0,557,305,82.62
H0272,Dr. HCP_0272,Cardiologist,C,Central-1,Central,44,1839,4.4,10,5,47,182,21.38,5,2026-03-29,0.94,2,0,452,293,54.27
H0273,Dr. HCP_0273,General Physician,C,South-2,South,158,6276,15.8,10,5,84,387,20.02,5,2026-03-24,1.88,7,0,1905,1445,31.83
H0274,Dr. HCP_0274,General Physician,C,South-2,South,134,5317,13.4,10,5,72,314,19.9,5,2026-03-30,1.86,1,0,1790,1352,32.4
H0275,Dr. HCP_0275,Cardiologist,B,West-1,West,78,3315,7.8,10,5,21,75,24.81,5,2026-03-26,3.71,5,0,726,1255,-42.15
H0276,Dr. HCP_0276,Endocrinologist,B,West-2,West,36,1606,3.6,9,5,16,79,20.5,5,2026-03-11,2.25,20,0,503,571,-11.91
H0277,Dr. HCP_0277,Cardiologist,C,North-1,North,74,3138,7.4,9,5,56,192,18.11,5,2026-03-29,1.32,2,0,715,511,39.92
H0278,Dr. HCP_0278,Pulmonologist,B,North-1,North,158,6307,15.8,10,5,33,110,20.85,5,2026-03-27,4.79,4,0,2291,1197,91.4
H0279,Dr. HCP_0279,Oncologist,C,East-2,East,28,1148,2.8,9,5,19,70,23.58,5,2026-03-08,1.47,23,0,226,348,-35.06
H0280,Dr. HCP_0280,Neurologist,C,South-2,South,68,2778,6.8,9,5,79,268,19.46,5,2026-03-28,0.86,3,0,1489,588,153.23
H0281,Dr. HCP_0281,General Physician,C,Central-2,Central,29,1305,2.9,9,4,16,61,22.38,4,2026-03-05,1.81,26,0,554,429,29.14
H0282,Dr. HCP_0282,Endocrinologist,B,South-1,South,79,3112,7.9,10,5,21,85,19.62,5,2026-03-20,3.76,11,0,879,882,-0.34
H0283,Dr. HCP_0283,Oncologist,B,Central-2,Central,27,894,2.7,9,4,13,38,21.54,4,2026-03-20,2.08,11,0,190,240,-20.83
H0284,Dr. HCP_0284,Neurologist,A,West-2,West,21,824,2.1,9,3,2,0,16.5,2,2025-06-23,10.5,281,0,289,149,93.96
H0285,Dr. HCP_0285,Oncologist,B,South-2,South,130,5249,13.0,10,5,47,204,21.77,5,2026-03-28,2.77,3,0,1815,1781,1.91
H0286,Dr. HCP_0286,Pulmonologist,A,West-2,West,68,2490,6.8,10,3,8,25,24.5,3,2026-03-28,8.5,3,0,688,861,-20.09
H0287,Dr. HCP_0287,Pulmonologist,B,West-2,West,29,1051,2.9,9,5,12,37,16.17,4,2026-02-16,2.42,43,0,349,205,70.24
H0288,Dr. HCP_0288,Oncologist,B,North-2,North,139,5807,13.9,10,5,33,120,19.76,5,2026-03-27,4.21,4,0,1943,1547,25.6
H0289,Dr. HCP_0289,Pulmonologist,B,Central-2,Central,30,1202,3.0,10,5,17,89,22.35,5,2026-03-27,1.76,4,0,267,430,-37.91
H0290,Dr. HCP_0290,Oncologist,B,East-1,East,4,164,0.4,3,1,0,0,0.0,0,,,304,1,0,72,-100.0
H0291,Dr. HCP_0291,Oncologist,A,South-2,South,200,8556,20.0,10,5,22,86,18.55,5,2026-03-20,9.09,11,0,2641,2374,11.25
H0292,Dr. HCP_0292,Endocrinologist,A,North-2,North,146,5808,14.6,10,5,22,110,18.77,5,2026-03-29,6.64,2,0,1314,2290,-42.62
H0293,Dr. HCP_0293,Pulmonologist,C,Central-2,Central,21,703,2.1,9,4,17,74,20.53,5,2026-03-21,1.24,10,0,221,264,-16.29
H0294,Dr. HCP_0294,Cardiologist,B,East-1,East,0,0,0.0,0,0,0,0,0.0,0,,,304,1,0,0,
H0295,Dr. HCP_0295,Cardiologist,A,East-1,East,11,366,1.1,6,3,0,0,0.0,0,,,304,1,48,84,-42.86
H0296,Dr. HCP_0296,General Physician,B,Central-2,Central,40,1605,4.0,10,5,12,47,12.83,5,2026-02-27,3.33,32,0,444,369,20.33
H0297,Dr. HCP_0297,Endocrinologist,C,East-1,East,1,48,0.1,1,1,0,0,0.0,0,,,304,1,0,0,
H0298,Dr. HCP_0298,General Physician,B,South-2,South,196,7402,19.6,10,5,41,155,18.24,5,2026-03-11,4.78,20,0,2077,2068,0.44
H0299,Dr. HCP_0299,Pulmonologist,B,Central-2,Central,61,2595,6.1,10,5,15,41,22.27,5,2026-03-26,4.07,5,0,757,806,-6.08
H0300,Dr. HCP_0300,General Physician,A,North-2,North,169,6909,16.9,10,5,18,61,17.67,5,2026-03-26,9.39,5,0,2022,2427,-16.69
H0301,Dr. HCP_0301,Oncologist,A,East-1,East,7,245,0.7,5,2,0,0,0.0,0,,,304,1,159,0,
H0302,Dr. HCP_0302,Pulmonologist,B,Central-2,Central,44,1601,4.4,10,4,10,39,16.6,3,2026-03-30,4.4,1,0,631,469,34.54
H0303,Dr. HCP_0303,Pulmonologist,B,North-2,North,175,7082,17.5,10,5,46,164,19.22,5,2026-03-17,3.8,14,0,2397,1708,40.34
H0304,Dr. HCP_0304,Endocrinologist,B,West-1,West,51,1964,5.1,10,5,15,50,16.8,5,2026-03-20,3.4,11,0,547,673,-18.72
H0305,Dr. HCP_0305,Neurologist,C,South-1,South,56,2421,5.6,10,5,40,192,20.38,5,2026-03-24,1.4,7,0,521,728,-28.43
H0306,Dr. HCP_0306,Neurologist,C,Central-1,Central,91,3379,9.1,10,5,49,227,20.27,5,2026-03-28,1.86,3,0,1001,763,31.19
H0307,Dr. HCP_0307,Pulmonologist,B,South-1,South,86,3711,8.6,10,5,29,107,17.86,5,2026-03-19,2.97,12,0,1168,952,22.69
H0308,Dr. HCP_0308,General Physician,B,East-1,East,0,0,0.0,0,0,0,0,0.0,0,,,304,1,0,0,
H0309,Dr. HCP_0309,Oncologist,C,North-2,North,101,4135,10.1,10,5,56,253,20.68,5,2026-03-29,1.8,2,0,1534,1048,46.37
H0310,Dr. HCP_0310,Endocrinologist,B,South-1,South,114,4192,11.4,10,5,29,103,18.31,5,2026-03-25,3.93,6,0,1163,1181,-1.52
H0311,Dr. HCP_0311,Pulmonologist,B,Central-1,Central,99,3904,9.9,10,5,31,126,21.84,5,2026-03-26,3.19,5,0,1797,912,97.04
H0312,Dr. HCP_0312,Cardiologist,A,West-1,West,45,1996,4.5,10,5,8,34,22.13,4,2026-03-28,5.63,3,0,676,892,-24.22
H0313,Dr. HCP_0313,Cardiologist,A,Central-1,Central,124,5252,12.4,10,5,17,56,21.41,5,2026-01-26,7.29,64,0,1735,1594,8.85
H0314,Dr. HCP_0314,General Physician,C,East-2,East,15,613,1.5,8,3,14,41,21.71,5,2026-03-06,1.07,25,0,206,180,14.44
H0315,Dr. HCP_0315,Oncologist,C,Central-2,Central,9,434,0.9,5,4,9,38,20.78,4,2026-03-10,1.0,21,0,0,219,-100.0
H0316,Dr. HCP_0316,General Physician,B,North-2,North,156,5578,15.6,10,5,38,159,23.16,5,2026-03-31,4.11,0,0,1391,1975,-29.57
H0317,Dr. HCP_0317,Cardiologist,B,West-2,West,42,1903,4.2,10,4,8,34,21.5,4,2026-01-09,5.25,81,0,694,482,43.98
H0318,Dr. HCP_0318,Endocrinologist,A,Central-2,Central,64,2560,6.4,10,5,9,38,25.56,5,2026-03-06,7.11,25,0,688,823,-16.4
H0319,Dr. HCP_0319,General Physician,A,West-2,West,38,1521,3.8,10,3,6,28,21.17,3,2026-03-28,6.33,3,0,672,393,70.99
H0320,Dr. HCP_0320,Cardiologist,B,West-1,West,71,3155,7.1,10,5,21,85,21.0,5,2026-03-08,3.38,23,0,543,1232,-55.93
H0321,Dr. HCP_0321,Cardiologist,B,North-1,North,161,6222,16.1,10,5,30,124,22.0,5,2026-03-04,5.37,27,0,1888,1425,32.49
H0322,Dr. HCP_0322,Cardiologist,C,West-2,West,17,657,1.7,9,5,19,72,20.37,5,2026-03-30,0.89,1,0,101,197,-48.73
H0323,Dr. HCP_0323,Neurologist,B,South-2,South,298,12996,29.8,10,5,57,206,21.14,5,2026-03-31,5.23,0,0,3622,3351,8.09
H0324,Dr. HCP_0324,Oncologist,B,West-1,West,22,787,2.2,9,5,10,52,18.4,4,2026-03-25,2.2,6,0,189,236,-19.92
H0325,Dr. HCP_0325,Oncologist,C,Central-1,Central,86,3477,8.6,10,5,44,164,20.43,5,2026-03-31,1.95,0,0,1115,1065,4.69
H0326,Dr. HCP_0326,General Physician,C,West-1,West,23,982,2.3,9,5,22,82,21.18,5,2026-03-14,1.05,17,0,441,320,37.81
H0327,Dr. HCP_0327,Neurologist,B,West-2,West,31,1008,3.1,10,5,11,44,19.09,5,2026-02-15,2.82,44,0,241,310,-22.26
H0328,Dr. HCP_0328,Cardiologist,B,East-1,East,1,49,0.1,1,1,0,0,0.0,0,,,304,1,0,0,
H0329,Dr. HCP_0329,Oncologist,B,South-2,South,138,5604,13.8,10,5,42,165,20.21,5,2026-03-25,3.29,6,0,1634,1870,-12.62
H0330,Dr. HCP_0330,Pulmonologist,B,South-2,South,249,9816,24.9,10,5,58,243,18.4,5,2026-03-29,4.29,2,0,2956,3042,-2.83
H0331,Dr. HCP_0331,Neurologist,B,East-2,East,38,1623,3.8,10,5,12,56,16.92,5,2026-02-12,3.17,47,0,626,321,95.02
H0332,Dr. HCP_0332,Oncologist,C,North-1,North,92,3877,9.2,10,5,60,241,19.62,5,2026-03-28,1.53,3,0,1116,1209,-7.69
H0333,Dr. HCP_0333,Cardiologist,A,South-2,South,200,8321,20.0,10,5,18,83,16.44,5,2026-03-24,11.11,7,0,2315,2780,-16.73
H0334,Dr. HCP_0334,General Physician,A,North-2,North,82,3253,8.2,10,5,22,86,16.32,5,2026-03-18,3.73,13,0,857,1249,-31.39
H0335,Dr. HCP_0335,Cardiologist,A,Central-2,Central,14,577,1.4,8,5,3,13,27.33,3,2026-02-26,4.67,33,0,173,176,-1.7
H0336,Dr. HCP_0336,Endocrinologist,A,East-2,East,43,1610,4.3,10,4,5,31,20.8,4,2026-03-11,8.6,20,0,274,509,-46.17
H0337,Dr. HCP_0337,Endocrinologist,C,Central-2,Central,19,723,1.9,9,4,16,67,18.88,5,2026-03-13,1.19,18,0,229,224,2.23
H0338,Dr. HCP_0338,Endocrinologist,C,Central-1,Central,45,1889,4.5,10,5,39,132,20.03,5,2026-03-21,1.15,10,0,817,535,52.71
H0339,Dr. HCP_0339,Pulmonologist,B,South-2,South,194,7858,19.4,10,5,53,202,20.77,5,2026-03-21,3.66,10,0,2848,2095,35.94
H0340,Dr. HCP_0340,Cardiologist,A,Central-2,Central,67,2651,6.7,10,5,8,34,22.25,4,2026-03-12,8.38,19,0,742,739,0.41
H0341,Dr. HCP_0341,Endocrinologist,B,South-1,South,92,3617,9.2,10,5,26,112,19.38,5,2026-03-25,3.54,6,0,887,991,-10.49
H0342,Dr. HCP_0342,Cardiologist,B,South-1,South,125,4916,12.5,10,5,25,77,19.56,5,2026-03-26,5.0,5,0,1621,1214,33.53
H0343,Dr. HCP_0343,Cardiologist,A,South-1,South,58,2420,5.8,10,5,5,14,22.6,4,2026-02-14,11.6,45,0,954,791,20.61
H0344,Dr. HCP_0344,Neurologist,B,South-2,South,175,7584,17.5,10,5,47,186,19.34,5,2026-03-23,3.72,8,0,2263,2103,7.61
H0345,Dr. HCP_0345,Endocrinologist,B,North-1,North,136,5309,13.6,10,5,40,167,21.63,5,2026-03-31,3.4,0,0,1466,1434,2.23
H0346,Dr. HCP_0346,Endocrinologist,B,North-1,North,130,4593,13.0,10,5,27,110,21.3,5,2026-03-21,4.81,10,0,1625,1179,37.83
H0347,Dr. HCP_0347,Cardiologist,B,Central-1,Central,97,3427,9.7,10,5,31,124,20.77,5,2026-03-23,3.13,8,0,813,978,-16.87
H0348,Dr. HCP_0348,Oncologist,A,West-2,West,60,2359,6.0,10,5,7,26,22.14,4,2026-03-22,8.57,9,0,884,655,34.96
H0349,Dr. HCP_0349,Neurologist,B,Central-1,Central,144,5883,14.4,10,5,34,156,17.35,5,2026-03-21,4.24,10,0,1743,1169,49.1
H0350,Dr. HCP_0350,Neurologist,B,West-2,West,62,2655,6.2,10,5,19,78,24.16,5,2026-02-17,3.26,42,0,979,494,98.18
H0351,Dr. HCP_0351,Cardiologist,B,Central-2,Central,42,1664,4.2,9,4,16,62,19.06,5,2026-03-18,2.63,13,0,562,517,8.7
H0352,Dr. HCP_0352,General Physician,C,West-2,West,15,593,1.5,8,5,26,109,21.38,5,2026-03-18,0.58,13,0,135,167,-19.16
H0353,Dr. HCP_0353,Oncologist,B,North-1,North,60,2556,6.0,10,5,31,103,22.77,5,2026-03-08,1.94,23,0,719,627,14.67
H0354,Dr. HCP_0354,General Physician,A,West-1,West,28,1094,2.8,9,4,4,11,20.0,3,2025-12-14,7.0,107,0,184,196,-6.12
H0355,Dr. HCP_0355,General Physician,A,West-2,West,40,1564,4.0,10,5,7,33,16.86,5,2026-02-10,5.71,49,0,484,379,27.7
H0356,Dr. HCP_0356,Cardiologist,B,North-2,North,131,5246,13.1,10,5,38,163,17.97,5,2026-03-25,3.45,6,0,1774,1394,27.26
H0357,Dr. HCP_0357,Endocrinologist,A,Central-2,Central,43,1858,4.3,10,3,5,19,20.4,3,2026-03-09,8.6,22,0,317,705,-55.04
H0358,Dr. HCP_0358,Pulmonologist,B,South-1,South,61,2477,6.1,10,5,31,133,20.06,5,2026-03-17,1.97,14,0,811,634,27.92
H0359,Dr. HCP_0359,Neurologist,C,West-1,West,21,783,2.1,9,5,13,54,22.31,5,2026-03-20,1.62,11,0,86,264,-67.42
H0360,Dr. HCP_0360,Neurologist,B,West-2,West,35,1497,3.5,10,3,11,27,21.64,3,2026-02-21,3.18,38,0,402,435,-7.59
H0361,Dr. HCP_0361,General Physician,B,North-2,North,90,3455,9.0,10,5,29,151,20.34,5,2026-03-29,3.1,2,0,1017,1370,-25.77
H0362,Dr. HCP_0362,General Physician,B,Central-1,Central,92,3905,9.2,10,5,37,144,19.19,5,2026-03-27,2.49,4,0,1536,915,67.87
H0363,Dr. HCP_0363,Oncologist,B,West-1,West,72,3115,7.2,10,5,14,61,16.0,5,2026-02-04,5.14,55,0,976,961,1.56
H0364,Dr. HCP_0364,Pulmonologist,B,West-1,West,33,1217,3.3,10,4,5,17,24.6,3,2026-03-15,6.6,16,0,290,396,-26.77
H0365,Dr. HCP_0365,Oncologist,C,West-1,West,14,548,1.4,7,5,16,83,18.56,5,2026-03-08,0.88,23,0,110,357,-69.19
H0366,Dr. HCP_0366,Oncologist,B,East-2,East,28,1111,2.8,10,5,7,33,16.57,4,2026-03-28,4.0,3,0,329,456,-27.85
H0367,Dr. HCP_0367,Pulmonologist,C,East-1,East,0,0,0.0,0,0,0,0,0.0,0,,,304,1,0,0,
H0368,Dr. HCP_0368,Cardiologist,C,West-2,West,32,1295,3.2,9,5,23,80,21.57,5,2026-03-24,1.39,7,0,388,535,-27.48
H0369,Dr. HCP_0369,Cardiologist,A,North-2,North,130,5326,13.0,10,5,14,55,20.43,5,2026-03-12,9.29,19,0,1232,1451,-15.09
H0370,Dr. HCP_0370,General Physician,A,North-2,North,128,5097,12.8,10,5,21,100,20.43,5,2026-03-27,6.1,4,0,1439,1537,-6.38
H0371,Dr. HCP_0371,Neurologist,A,South-1,South,106,4006,10.6,10,5,13,51,19.62,5,2026-02-21,8.15,38,0,1337,1143,16.97
H0372,Dr. HCP_0372,Neurologist,A,Central-2,Central,59,2479,5.9,10,4,7,28,19.43,4,2026-03-30,8.43,1,0,954,593,60.88
H0373,Dr. HCP_0373,Oncologist,A,North-2,North,191,8475,19.1,10,5,22,103,17.64,5,2026-03-27,8.68,4,0,2189,2720,-19.52
H0374,Dr. HCP_0374,General Physician,B,West-1,West,60,2320,6.0,10,5,17,60,21.35,5,2026-03-18,3.53,13,0,690,866,-20.32
H0375,Dr. HCP_0375,Neurologist,A,East-1,East,9,333,0.9,7,2,0,0,0.0,0,,,304,1,136,129,5.43
H0376,Dr. HCP_0376,Cardiologist,B,East-2,East,47,1746,4.7,10,5,19,74,18.84,5,2026-03-20,2.47,11,0,500,634,-21.14
H0377,Dr. HCP_0377,General Physician,C,South-1,South,61,2474,6.1,10,5,46,173,18.43,5,2026-03-25,1.33,6,0,916,462,98.27
H0378,Dr. HCP_0378,Cardiologist,A,South-2,South,150,6232,15.0,10,5,21,63,18.33,5,2026-03-04,7.14,27,0,2098,1587,32.2
H0379,Dr. HCP_0379,Pulmonologist,C,Central-1,Central,80,3269,8.0,10,5,46,207,22.63,5,2026-03-28,1.74,3,0,1076,803,34.0
H0380,Dr. HCP_0380,Neurologist,B,East-1,East,0,0,0.0,0,0,0,0,0.0,0,,,304,1,0,0,
H0381,Dr. HCP_0381,Neurologist,A,West-1,West,77,3050,7.7,10,4,10,50,22.9,4,2026-03-23,7.7,8,0,1053,1058,-0.47
H0382,Dr. HCP_0382,General Physician,B,Central-2,Central,34,1275,3.4,10,4,7,27,17.43,3,2025-12-21,4.86,100,0,263,607,-56.67
H0383,Dr. HCP_0383,Endocrinologist,B,North-1,North,96,3950,9.6,10,5,31,128,17.77,5,2026-03-30,3.1,1,0,1151,1199,-4.0
H0384,Dr. HCP_0384,Pulmonologist,C,East-1,East,0,0,0.0,0,0,0,0,0.0,0,,,304,1,0,0,
H0385,Dr. HCP_0385,Endocrinologist,C,North-1,North,80,3114,8.0,10,5,58,198,18.84,5,2026-03-31,1.38,0,0,1374,833,64.95
H0386,Dr. HCP_0386,General Physician,C,Central-2,Central,31,1406,3.1,10,4,17,96,18.18,5,2026-03-18,1.82,13,0,575,295,94.92
H0387,Dr. HCP_0387,Endocrinologist,B,North-2,North,122,5194,12.2,10,5,30,116,18.4,5,2026-03-08,4.07,23,0,1747,1580,10.57
H0388,Dr. HCP_0388,General Physician,A,North-2,North,92,3502,9.2,10,5,15,57,21.2,5,2026-03-15,6.13,16,0,743,1611,-53.88
H0389,Dr. HCP_0389,Oncologist,C,West-1,West,23,1048,2.3,9,5,23,89,21.87,5,2026-03-22,1.0,9,0,342,280,22.14
H0390,Dr. HCP_0390,Endocrinologist,C,East-2,East,20,747,2.0,8,5,21,63,19.38,5,2026-03-30,0.95,1,0,212,331,-35.95
H0391,Dr. HCP_0391,General Physician,C,East-1,East,0,0,0.0,0,0,0,0,0.0,0,,,304,1,0,0,
H0392,Dr. HCP_0392,Neurologist,B,Central-2,Central,55,2444,5.5,10,5,14,56,17.86,5,2026-03-29,3.93,2,0,874,852,2.58
H0393,Dr. HCP_0393,Endocrinologist,B,North-1,North,102,4316,10.2,10,5,32,123,18.38,5,2026-03-24,3.19,7,0,1186,1338,-11.36
H0394,Dr. HCP_0394,Cardiologist,C,Central-2,Central,34,1447,3.4,10,4,23,102,21.09,5,2026-03-17,1.48,14,0,389,364,6.87
H0395,Dr. HCP_0395,Oncologist,B,East-1,East,3,114,0.3,3,2,0,0,0.0,0,,,304,1,35,42,-16.67
H0396,Dr. HCP_0396,Neurologist,C,West-2,West,33,1264,3.3,9,5,19,66,19.53,5,2026-03-14,1.74,17,0,443,281,57.65
H0397,Dr. HCP_0397,Pulmonologist,C,West-1,West,36,1471,3.6,10,5,29,103,20.76,5,2026-03-08,1.24,23,0,442,365,21.1
H0398,Dr. HCP_0398,Cardiologist,B,Central-1,Central,124,4627,12.4,10,5,29,108,24.45,5,2026-03-30,4.28,1,0,1418,1086,30.57
H0399,Dr. HCP_0399,Cardiologist,C,West-1,West,24,971,2.4,10,5,20,89,20.35,5,2026-03-20,1.2,11,0,317,226,40.27
H0400,Dr. HCP_0400,Oncologist,C,Central-2,Central,22,886,2.2,9,5,13,52,20.92,4,2026-03-09,1.69,22,0,376,306,22.88
H0401,Dr. HCP_0401,Endocrinologist,A,North-1,North,107,4072,10.7,10,5,15,76,21.67,4,2026-03-07,7.13,24,0,1397,1307,6.89
H0402,Dr. HCP_0402,Cardiologist,C,Central-2,Central,19,861,1.9,8,5,24,80,23.54,5,2026-01-26,0.79,64,0,294,468,-37.18
H0403,Dr. HCP_0403,Pulmonologist,B,South-2,South,216,8259,21.6,10,5,52,186,18.48,5,2026-03-27,4.15,4,0,3486,2243,55.42
H0404,Dr. HCP_0404,Pulmonologist,C,South-1,South,48,1879,4.8,10,5,38,130,20.11,5,2026-03-28,1.26,3,0,487,668,-27.1
H0405,Dr. HCP_0405,Cardiologist,B,East-2,East,36,1405,3.6,10,5,13,66,17.31,5,2026-03-26,2.77,5,0,584,441,32.43
H0406,Dr. HCP_0406,General Physician,C,West-2,West,28,1232,2.8,9,5,17,49,19.53,5,2026-03-27,1.65,4,0,520,386,34.72
H0407,Dr. HCP_0407,Endocrinologist,B,South-1,South,89,3573,8.9,10,5,38,204,19.63,5,2026-03-31,2.34,0,0,756,1096,-31.02
H0408,Dr. HCP_0408,General Physician,A,Central-1,Central,101,3702,10.1,10,5,14,41,18.64,5,2026-03-25,7.21,6,0,999,1250,-20.08
H0409,Dr. HCP_0409,Neurologist,C,Central-1,Central,52,2121,5.2,10,5,49,211,19.57,5,2026-03-26,1.06,5,0,881,528,66.86
H0410,Dr. HCP_0410,Oncologist,A,North-2,North,157,6494,15.7,10,5,20,81,23.15,5,2026-03-30,7.85,1,0,1615,2058,-21.53
H0411,Dr. HCP_0411,Cardiologist,B,West-1,West,83,3627,8.3,10,5,14,56,17.86,5,2026-02-05,5.93,54,0,1132,958,18.16
H0412,Dr. HCP_0412,Pulmonologist,C,North-2,North,84,3311,8.4,10,5,65,228,20.49,5,2026-03-24,1.29,7,0,1103,614,79.64
H0413,Dr. HCP_0413,Oncologist,C,Central-2,Central,22,906,2.2,10,5,18,68,18.06,5,2026-03-08,1.22,23,0,233,534,-56.37
H0414,Dr. HCP_0414,Cardiologist,B,East-1,East,0,0,0.0,0,0,0,0,0.0,0,,,304,1,0,0,
H0415,Dr. HCP_0415,Pulmonologist,B,North-1,North,104,4069,10.4,10,5,29,113,22.93,5,2026-03-16,3.59,15,0,763,1646,-53.65
H0416,Dr. HCP_0416,Oncologist,B,Central-2,Central,38,1531,3.8,10,5,11,36,17.09,5,2026-03-07,3.45,24,0,272,620,-56.13
H0417,Dr. HCP_0417,Oncologist,B,North-2,North,127,5512,12.7,10,5,38,136,20.47,5,2026-03-22,3.34,9,0,1995,1147,73.93
H0418,Dr. HCP_0418,Oncologist,B,South-2,South,125,4987,12.5,10,5,29,114,20.59,5,2026-03-30,4.31,1,0,1462,1415,3.32
H0419,Dr. HCP_0419,Cardiologist,B,Central-1,Central,102,4068,10.2,10,5,29,99,18.66,5,2026-03-26,3.52,5,0,1158,1051,10.18
H0420,Dr. HCP_0420,General Physician,C,East-1,East,8,347,0.8,7,2,0,0,0.0,0,,,304,1,78,85,-8.24
H0421,Dr. HCP_0421,Pulmonologist,C,South-2,South,105,4498,10.5,10,5,72,326,18.1,5,2026-03-24,1.46,7,0,1301,1180,10.25
H0422,Dr. HCP_0422,Neurologist,C,North-2,North,61,2669,6.1,10,5,44,169,20.02,5,2026-03-29,1.39,2,0,933,682,36.8
H0423,Dr. HCP_0423,Neurologist,A,Central-1,Central,116,4677,11.6,10,5,17,78,20.12,5,2026-01-25,6.82,65,0,1568,1209,29.69
H0424,Dr. HCP_0424,Pulmonologist,B,East-2,East,47,1842,4.7,10,5,14,52,21.43,5,2026-02-21,3.36,38,0,625,347,80.12
H0425,Dr. HCP_0425,Cardiologist,A,South-2,South,141,5556,14.1,10,5,25,95,20.88,5,2026-03-26,5.64,5,0,1527,1938,-21.21
H0426,Dr. HCP_0426,Endocrinologist,B,East-1,East,2,66,0.2,2,1,0,0,0.0,0,,,304,1,25,0,
H0427,Dr. HCP_0427,Endocrinologist,B,Central-2,Central,44,1853,4.4,10,5,14,63,21.86,5,2026-03-29,3.14,2,0,882,449,96.44
H0428,Dr. HCP_0428,General Physician,C,South-1,South,69,2657,6.9,10,5,34,148,19.76,5,2026-03-26,2.03,5,0,605,927,-34.74
H0429,Dr. HCP_0429,Neurologist,B,West-2,West,54,2287,5.4,10,5,15,67,19.93,5,2026-03-25,3.6,6,0,648,860,-24.65
H0430,Dr. HCP_0430,General Physician,A,Central-2,Central,31,1144,3.1,10,2,3,8,18.33,2,2026-01-30,10.33,60,0,299,426,-29.81
H0431,Dr. HCP_0431,Endocrinologist,A,East-2,East,75,3003,7.5,10,5,8,30,19.25,4,2026-03-24,9.38,7,0,1030,670,53.73
H0432,Dr. HCP_0432,Oncologist,C,North-2,North,93,3789,9.3,10,5,54,225,19.91,5,2026-03-31,1.72,0,0,1560,789,97.72
H0433,Dr. HCP_0433,Pulmonologist,B,East-1,East,9,376,0.9,7,2,0,0,0.0,0,,,304,1,175,81,116.05
H0434,Dr. HCP_0434,Neurologist,A,East-2,East,20,704,2.0,10,4,4,16,23.75,3,2026-01-22,5.0,68,0,209,265,-21.13
H0435,Dr. HCP_0435,Oncologist,A,East-1,East,0,0,0.0,0,0,0,0,0.0,0,,,304,1,0,0,
H0436,Dr. HCP_0436,Cardiologist,C,North-1,North,50,1889,5.0,10,5,54,223,18.15,5,2026-03-30,0.93,1,0,476,614,-22.48
H0437,Dr. HCP_0437,Cardiologist,A,East-1,East,5,235,0.5,5,1,0,0,0.0,0,,,304,1,78,100,-22.0
H0438,Dr. HCP_0438,Neurologist,C,Central-2,Central,30,1279,3.0,9,5,17,62,17.65,5,2026-02-05,1.76,54,0,343,430,-20.23
H0439,Dr. HCP_0439,Neurologist,C,West-2,West,26,1017,2.6,10,4,19,79,24.42,5,2026-03-17,1.37,14,0,391,241,62.24
H0440,Dr. HCP_0440,Neurologist,A,West-2,West,16,604,1.6,9,3,4,7,16.5,3,2026-03-12,4.0,19,0,191,174,9.77
H0441,Dr. HCP_0441,Neurologist,A,East-2,East,27,986,2.7,10,2,2,6,10.0,1,2026-03-13,13.5,18,0,247,289,-14.53
H0442,Dr. HCP_0442,Endocrinologist,C,Central-1,Central,50,2015,5.0,10,5,53,161,21.51,5,2026-03-30,0.94,1,0,547,636,-13.99
H0443,Dr. HCP_0443,Cardiologist,B,West-2,West,75,2814,7.5,10,5,18,60,20.06,5,2026-03-14,4.17,17,0,621,1036,-40.06
H0444,Dr. HCP_0444,Neurologist,B,North-2,North,155,5758,15.5,10,5,43,175,22.33,5,2026-03-23,3.6,8,0,1771,1579,12.16
H0445,Dr. HCP_0445,Endocrinologist,C,North-1,North,117,4597,11.7,10,5,59,253,22.25,5,2026-03-24,1.98,7,0,1116,1574,-29.1
H0446,Dr. HCP_0446,Neurologist,C,West-2,West,23,909,2.3,8,5,21,84,20.71,5,2026-03-29,1.1,2,0,212,113,87.61
H0447,Dr. HCP_0447,Pulmonologist,C,East-2,East,48,1874,4.8,10,5,23,68,22.7,5,2026-03-29,2.09,2,0,818,517,58.22
H0448,Dr. HCP_0448,Oncologist,C,West-1,West,18,771,1.8,9,4,19,59,19.79,4,2026-03-28,0.95,3,0,352,141,149.65
H0449,Dr. HCP_0449,Cardiologist,B,Central-2,Central,65,2670,6.5,10,5,19,66,18.47,5,2026-03-30,3.42,1,0,572,963,-40.6
H0450,Dr. HCP_0450,Pulmonologist,A,North-2,North,137,5464,13.7,10,5,22,79,22.0,5,2026-03-31,6.23,0,0,1996,1849,7.95
H0451,Dr. HCP_0451,General Physician,C,Central-1,Central,55,2201,5.5,10,5,49,169,19.59,5,2026-03-29,1.12,2,0,545,868,-37.21
H0452,Dr. HCP_0452,Pulmonologist,B,East-1,East,2,68,0.2,2,1,0,0,0.0,0,,,304,1,40,0,
H0453,Dr. HCP_0453,Cardiologist,B,East-2,East,56,2549,5.6,10,4,12,50,16.92,4,2026-03-07,4.67,24,0,872,694,25.65
H0454,Dr. HCP_0454,Pulmonologist,C,East-2,East,29,1096,2.9,9,4,18,76,19.11,5,2026-03-10,1.61,21,0,247,268,-7.84
H0455,Dr. HCP_0455,Neurologist,A,South-1,South,54,2117,5.4,10,5,10,51,20.6,5,2026-03-30,5.4,1,0,530,581,-8.78
H0456,Dr. HCP_0456,Neurologist,B,East-1,East,7,304,0.7,2,3,0,0,0.0,0,,,304,1,59,0,
H0457,Dr. HCP_0457,Endocrinologist,A,East-2,East,53,2206,5.3,10,5,8,43,19.38,5,2026-01-25,6.63,65,0,687,561,22.46
H0458,Dr. HCP_0458,Neurologist,B,West-1,West,53,1953,5.3,10,5,11,39,19.64,5,2026-02-25,4.82,34,0,729,631,15.53
H0459,Dr. HCP_0459,Pulmonologist,A,North-1,North,184,7937,18.4,10,5,16,62,22.31,5,2026-03-27,11.5,4,0,2343,2574,-8.97
H0460,Dr. HCP_0460,Endocrinologist,A,South-1,South,108,4348,10.8,10,5,14,44,22.43,5,2026-03-30,7.71,1,0,1208,1669,-27.62
H0461,Dr. HCP_0461,Endocrinologist,A,West-2,West,22,840,2.2,9,3,4,15,22.25,2,2026-03-26,5.5,5,0,259,205,26.34
H0462,Dr. HCP_0462,Endocrinologist,B,South-1,South,70,2707,7.0,10,5,21,84,19.24,5,2026-03-27,3.33,4,0,847,824,2.79
H0463,Dr. HCP_0463,Cardiologist,C,East-1,East,4,185,0.4,3,2,0,0,0.0,0,,,304,1,75,110,-31.82
H0464,Dr. HCP_0464,Neurologist,B,East-2,East,48,2176,4.8,10,4,12,50,21.25,5,2026-03-25,4.0,6,0,403,863,-53.3
H0465,Dr. HCP_0465,Oncologist,C,Central-2,Central,19,766,1.9,10,4,14,54,17.64,5,2026-03-04,1.36,27,0,272,206,32.04
H0466,Dr. HCP_0466,Endocrinologist,B,South-1,South,82,3225,8.2,10,5,26,115,22.92,5,2026-03-20,3.15,11,0,982,1143,-14.09
H0467,Dr. HCP_0467,Cardiologist,B,West-2,West,71,2823,7.1,10,5,18,78,21.56,5,2026-03-28,3.94,3,0,672,886,-24.15
H0468,Dr. HCP_0468,General Physician,C,East-2,East,24,1026,2.4,10,4,18,65,19.78,5,2026-03-19,1.33,12,0,401,256,56.64
H0469,Dr. HCP_0469,Neurologist,B,West-2,West,35,1407,3.5,10,5,12,44,16.67,5,2026-03-26,2.92,5,0,440,482,-8.71
H0470,Dr. HCP_0470,Endocrinologist,C,West-2,West,41,1499,4.1,10,5,26,100,19.54,5,2026-02-27,1.58,32,0,517,442,16.97
H0471,Dr. HCP_0471,Oncologist,A,East-1,East,12,497,1.2,9,3,0,0,0.0,0,,,304,1,143,213,-32.86
H0472,Dr. HCP_0472,General Physician,C,East-2,East,18,702,1.8,8,5,17,84,18.47,5,2026-03-19,1.06,12,0,318,41,675.61
H0473,Dr. HCP_0473,Pulmonologist,A,West-2,West,30,1386,3.0,9,4,7,30,21.57,3,2026-02-15,4.29,44,0,748,277,170.04
H0474,Dr. HCP_0474,Neurologist,C,Central-1,Central,52,2016,5.2,10,5,41,153,20.37,5,2026-03-31,1.27,0,0,901,635,41.89
H0475,Dr. HCP_0475,Endocrinologist,B,South-1,South,71,2858,7.1,10,5,25,134,19.28,5,2026-03-27,2.84,4,0,856,946,-9.51
H0476,Dr. HCP_0476,Cardiologist,C,East-1,East,8,379,0.8,7,2,0,0,0.0,0,,,304,1,165,89,85.39
H0477,Dr. HCP_0477,Neurologist,A,East-2,East,62,2551,6.2,10,4,5,24,24.8,3,2026-03-17,12.4,14,0,1005,623,61.32
H0478,Dr. HCP_0478,Cardiologist,B,Central-1,Central,148,6008,14.8,10,5,32,112,18.09,5,2026-03-25,4.63,6,0,1431,1895,-24.49
H0479,Dr. HCP_0479,Endocrinologist,C,North-2,North,63,2553,6.3,10,5,55,221,18.45,5,2026-03-22,1.15,9,0,833,603,38.14
H0480,Dr. HCP_0480,Neurologist,B,West-2,West,49,1865,4.9,10,5,14,50,21.71,5,2026-03-20,3.5,11,0,532,739,-28.01
H0481,Dr. HCP_0481,Cardiologist,B,West-1,West,56,2434,5.6,10,5,20,58,19.4,5,2026-03-31,2.8,0,0,566,895,-36.76
H0482,Dr. HCP_0482,Pulmonologist,B,West-2,West,91,3419,9.1,10,5,18,60,18.67,5,2026-03-23,5.06,8,0,940,801,17.35
H0483,Dr. HCP_0483,Cardiologist,B,West-1,West,57,2068,5.7,10,4,15,50,18.73,5,2026-03-20,3.8,11,0,639,632,1.11
H0484,Dr. HCP_0484,Pulmonologist,B,Central-1,Central,116,4870,11.6,10,5,30,114,19.6,5,2026-03-27,3.87,4,0,1892,1342,40.98
H0485,Dr. HCP_0485,Cardiologist,B,West-1,West,35,1489,3.5,10,5,9,36,23.44,4,2026-01-25,3.89,65,0,527,268,96.64
H0486,Dr. HCP_0486,Cardiologist,C,South-2,South,138,5747,13.8,10,5,88,297,19.84,5,2026-03-29,1.57,2,0,1646,1815,-9.31
H0487,Dr. HCP_0487,General Physician,A,North-2,North,97,4140,9.7,10,5,24,117,20.63,5,2026-03-30,4.04,1,0,1001,1379,-27.41
H0488,Dr. HCP_0488,Endocrinologist,B,South-1,South,66,2526,6.6,10,5,22,105,24.23,5,2026-03-30,3.0,1,0,936,832,12.5
H0489,Dr. HCP_0489,Oncologist,C,East-1,East,0,0,0.0,0,0,0,0,0.0,0,,,304,1,0,0,
H0490,Dr. HCP_0490,Oncologist,C,West-2,West,58,2351,5.8,10,5,27,126,19.0,5,2026-03-26,2.15,5,0,818,547,49.54
H0491,Dr. HCP_0491,Cardiologist,B,North-2,North,110,4425,11.0,10,5,38,146,16.97,5,2026-03-19,2.89,12,0,1343,1476,-9.01
H0492,Dr. HCP_0492,Endocrinologist,B,South-2,South,213,8284,21.3,10,5,51,204,20.75,5,2026-03-20,4.18,11,0,1955,2881,-32.14
H0493,Dr. HCP_0493,Pulmonologist,B,North-2,North,129,5274,12.9,10,5,35,143,21.17,5,2026-03-22,3.69,9,0,1588,1324,19.94
H0494,Dr. HCP_0494,Cardiologist,A,East-1,East,1,22,0.1,1,1,0,0,0.0,0,,,304,1,0,22,-100.0
H0495,Dr. HCP_0495,Oncologist,B,South-2,South,130,5446,13.0,10,5,37,150,19.32,5,2026-03-25,3.51,6,0,949,1877,-49.44
H0496,Dr. HCP_0496,Cardiologist,B,North-2,North,190,7955,19.0,10,5,44,145,18.11,5,2026-03-29,4.32,2,0,2308,2590,-10.89
H0497,Dr. HCP_0497,Neurologist,B,Central-2,Central,27,1088,2.7,10,4,10,36,19.1,4,2026-01-24,2.7,66,0,330,250,32.0
H0498,Dr. HCP_0498,Neurologist,A,Central-1,Central,99,3910,9.9,10,5,15,58,17.93,5,2026-03-06,6.6,25,0,1108,946,17.12
H0499,Dr. HCP_0499,Pulmonologist,C,South-1,South,90,3591,9.0,10,5,45,151,19.38,5,2026-03-30,2.0,1,0,1367,835,63.71
H0500,Dr. HCP_0500,Neurologist,C,North-1,North,47,2102,4.7,10,5,50,210,19.26,5,2026-03-28,0.94,3,0,726,296,145.27
