hcp_id,hcp_name,specialty,segment,territory,region,total_calls,average_call_duration,total_samples_received,last_call_date,total_prescriptions,total_units_dispensed,product_breadth,days_since_last_call,prescriptions_per_call
H0001,Dr. HCP_0001,Endocrinologist,B,North-1,North,35.0,21.02857142857143,128.0,2026-04-20,109.0,4493.0,5.0,10.0,3.11
H0002,Dr. HCP_0002,Pulmonologist,C,North-1,North,67.0,20.71641791044776,287.0,2026-04-24,69.0,2751.0,5.0,6.0,1.03
H0003,Dr. HCP_0003,Endocrinologist,C,Central-1,Central,50.0,20.64,192.0,2026-04-29,102.0,3871.0,5.0,1.0,2.04
H0004,Dr. HCP_0004,Endocrinologist,B,West-2,West,14.0,21.071428571428573,58.0,2026-02-23,58.0,2317.0,5.0,66.0,4.14
H0005,Dr. HCP_0005,Neurologist,A,Central-2,Central,8.0,23.875,35.0,2026-04-03,35.0,1418.0,4.0,27.0,4.38
H0006,Dr. HCP_0006,Oncologist,A,South-2,South,30.0,17.8,128.0,2026-04-19,265.0,10171.0,5.0,11.0,8.83
H0007,Dr. HCP_0007,Cardiologist,A,South-2,South,29.0,18.620689655172413,127.0,2026-04-04,265.0,10562.0,5.0,26.0,9.14
H0008,Dr. HCP_0008,Pulmonologist,C,West-1,West,19.0,20.894736842105264,90.0,2026-04-16,30.0,1205.0,4.0,14.0,1.58
H0009,Dr. HCP_0009,Oncologist,B,West-1,West,12.0,22.416666666666668,50.0,2026-04-26,56.0,2366.0,4.0,4.0,4.67
H0010,Dr. HCP_0010,Cardiologist,C,North-2,North,68.0,19.323529411764707,299.0,2026-04-16,80.0,3344.0,5.0,14.0,1.18
H0011,Dr. HCP_0011,Cardiologist,A,East-2,East,8.0,22.0,30.0,2026-03-05,71.0,2958.0,5.0,56.0,8.88
H0012,Dr. HCP_0012,Endocrinologist,C,South-2,South,91.0,19.9010989010989,311.0,2026-04-25,159.0,6090.0,5.0,5.0,1.75
H0013,Dr. HCP_0013,Oncologist,C,South-1,South,41.0,19.682926829268293,142.0,2026-03-26,55.0,2262.0,5.0,35.0,1.34
H0014,Dr. HCP_0014,Oncologist,B,East-1,East,0.0,0.0,0.0,,11.0,515.0,2.0,,
H0015,Dr. HCP_0015,Oncologist,A,North-2,North,30.0,21.466666666666665,110.0,2026-04-19,160.0,6549.0,5.0,11.0,5.33
H0016,Dr. HCP_0016,General Physician,A,North-1,North,13.0,18.53846153846154,53.0,2026-04-12,143.0,6015.0,5.0,18.0,11.0
H0017,Dr. HCP_0017,Endocrinologist,B,North-2,North,50.0,20.12,212.0,2026-04-26,165.0,6228.0,5.0,4.0,3.3
H0018,Dr. HCP_0018,Oncologist,B,West-1,West,12.0,20.083333333333332,46.0,2026-02-24,43.0,1748.0,5.0,65.0,3.58
H0019,Dr. HCP_0019,Oncologist,B,South-2,South,49.0,20.571428571428573,211.0,2026-04-28,152.0,5647.0,5.0,2.0,3.1
H0020,Dr. HCP_0020,Oncologist,B,South-1,South,32.0,18.46875,115.0,2026-04-28,90.0,3708.0,5.0,2.0,2.81
H0021,Dr. HCP_0021,Pulmonologist,B,West-1,West,15.0,16.733333333333334,61.0,2026-04-19,55.0,1977.0,5.0,11.0,3.67
H0022,Dr. HCP_0022,Oncologist,A,East-1,East,0.0,0.0,0.0,,10.0,349.0,2.0,,
H0023,Dr. HCP_0023,Endocrinologist,B,South-1,South,38.0,19.763157894736842,160.0,2026-04-13,154.0,5911.0,5.0,17.0,4.05
H0024,Dr. HCP_0024,Cardiologist,B,South-2,South,73.0,18.63013698630137,303.0,2026-04-22,373.0,13572.0,5.0,8.0,5.11
H0025,Dr. HCP_0025,Cardiologist,B,East-2,East,14.0,16.714285714285715,48.0,2026-03-16,59.0,2216.0,4.0,45.0,4.21
H0026,Dr. HCP_0026,Oncologist,C,Central-2,Central,19.0,19.894736842105264,61.0,2026-03-29,42.0,1767.0,5.0,32.0,2.21
H0027,Dr. HCP_0027,Neurologist,A,North-1,North,27.0,20.22222222222222,114.0,2026-04-30,227.0,10142.0,5.0,0.0,8.41
H0028,Dr. HCP_0028,Cardiologist,B,South-1,South,27.0,18.185185185185187,110.0,2026-03-23,109.0,4240.0,5.0,38.0,4.04
H0029,Dr. HCP_0029,Oncologist,B,South-2,South,63.0,20.3015873015873,274.0,2026-04-28,229.0,9022.0,5.0,2.0,3.63
H0030,Dr. HCP_0030,Endocrinologist,A,Central-2,Central,8.0,13.5,40.0,2026-01-01,32.0,1317.0,5.0,119.0,4.0
H0031,Dr. HCP_0031,Cardiologist,B,Central-2,Central,12.0,18.75,65.0,2026-04-20,38.0,1635.0,3.0,10.0,3.17
H0032,Dr. HCP_0032,Neurologist,A,Central-2,Central,8.0,17.375,22.0,2026-04-15,63.0,2619.0,4.0,15.0,7.88
H0033,Dr. HCP_0033,Endocrinologist,A,East-1,East,0.0,0.0,0.0,,0.0,0.0,0.0,,
H0034,Dr. HCP_0034,Pulmonologist,C,South-2,South,76.0,19.05263157894737,306.0,2026-04-17,131.0,5298.0,5.0,13.0,1.72
H0035,Dr. HCP_0035,General Physician,C,South-1,South,45.0,20.0,196.0,2026-04-14,75.0,2935.0,5.0,16.0,1.67
H0036,Dr. HCP_0036,Pulmonologist,C,West-2,West,22.0,22.272727272727273,70.0,2026-04-09,32.0,1318.0,5.0,21.0,1.45
H0037,Dr. HCP_0037,Oncologist,B,North-1,North,39.0,19.435897435897434,162.0,2026-04-14,171.0,7182.0,5.0,16.0,4.38
H0038,Dr. HCP_0038,Neurologist,A,North-2,North,19.0,18.05263157894737,86.0,2026-04-21,182.0,7730.0,5.0,9.0,9.58
H0039,Dr. HCP_0039,Pulmonologist,B,Central-1,Central,40.0,18.775,168.0,2026-04-21,155.0,6233.0,5.0,9.0,3.88
H0040,Dr. HCP_0040,Cardiologist,B,East-2,East,13.0,19.76923076923077,55.0,2026-04-18,43.0,1613.0,5.0,12.0,3.31
H0041,Dr. HCP_0041,Pulmonologist,A,East-2,East,11.0,21.90909090909091,49.0,2026-01-06,93.0,3932.0,5.0,114.0,8.45
H0042,Dr. HCP_0042,Neurologist,B,West-2,West,16.0,25.6875,47.0,2026-03-30,60.0,2451.0,5.0,31.0,3.75
H0043,Dr. HCP_0043,General Physician,A,Central-2,Central,15.0,18.666666666666668,56.0,2026-03-29,102.0,3964.0,5.0,32.0,6.8
H0044,Dr. HCP_0044,Pulmonologist,C,Central-1,Central,46.0,21.782608695652176,192.0,2026-04-22,61.0,2352.0,5.0,8.0,1.33
H0045,Dr. HCP_0045,Pulmonologist,B,South-1,South,33.0,19.90909090909091,125.0,2026-04-10,132.0,4893.0,5.0,20.0,4.0
H0046,Dr. HCP_0046,General Physician,B,North-2,North,52.0,22.826923076923077,222.0,2026-04-19,243.0,10210.0,5.0,11.0,4.67
H0047,Dr. HCP_0047,Pulmonologist,B,East-1,East,0.0,0.0,0.0,,0.0,0.0,0.0,,
H0048,Dr. HCP_0048,Endocrinologist,B,East-2,East,9.0,22.555555555555557,41.0,2026-04-05,39.0,1669.0,4.0,25.0,4.33
H0049,Dr. HCP_0049,Oncologist,B,Central-1,Central,42.0,20.476190476190474,165.0,2026-04-26,190.0,7334.0,5.0,4.0,4.52
H0050,Dr. HCP_0050,Cardiologist,A,North-1,North,27.0,18.555555555555557,106.0,2026-04-23,155.0,6072.0,5.0,7.0,5.74
H0051,Dr. HCP_0051,Cardiologist,C,East-1,East,0.0,0.0,0.0,,0.0,0.0,0.0,,
H0052,Dr. HCP_0052,Endocrinologist,C,East-2,East,19.0,22.789473684210527,65.0,2026-04-30,30.0,1229.0,5.0,0.0,1.58
H0053,Dr. HCP_0053,General Physician,C,South-1,South,37.0,19.18918918918919,173.0,2026-04-15,55.0,2201.0,5.0,15.0,1.49
H0054,Dr. HCP_0054,General Physician,C,Central-1,Central,54.0,20.555555555555557,232.0,2026-04-13,91.0,3720.0,5.0,17.0,1.69
H0055,Dr. HCP_0055,Cardiologist,B,Central-1,Central,55.0,20.163636363636364,231.0,2026-04-30,218.0,8181.0,5.0,0.0,3.96
H0056,Dr. HCP_0056,General Physician,C,North-2,North,75.0,20.573333333333334,316.0,2026-04-18,87.0,3510.0,5.0,12.0,1.16
H0057,Dr. HCP_0057,Cardiologist,A,Central-1,Central,18.0,19.38888888888889,66.0,2026-04-29,131.0,5653.0,5.0,1.0,7.28
H0058,Dr. HCP_0058,Neurologist,A,Central-2,Central,10.0,21.0,31.0,2026-03-31,46.0,1695.0,4.0,30.0,4.6
H0059,Dr. HCP_0059,Endocrinologist,A,West-1,West,16.0,22.3125,50.0,2026-04-14,156.0,6077.0,4.0,16.0,9.75
H0060,Dr. HCP_0060,Pulmonologist,B,East-1,East,0.0,0.0,0.0,,0.0,0.0,0.0,,
H0061,Dr. HCP_0061,Endocrinologist,B,East-2,East,12.0,16.333333333333332,41.0,2026-03-25,55.0,2218.0,5.0,36.0,4.58
H0062,Dr. HCP_0062,Pulmonologist,B,North-2,North,50.0,20.4,245.0,2026-04-22,147.0,5430.0,5.0,8.0,2.94
H0063,Dr. HCP_0063,General Physician,C,Central-2,Central,16.0,22.0,70.0,2026-04-20,16.0,675.0,3.0,10.0,1.0
H0064,Dr. HCP_0064,Endocrinologist,B,South-2,South,67.0,18.70149253731343,242.0,2026-04-30,227.0,9133.0,5.0,0.0,3.39
H0065,Dr. HCP_0065,Cardiologist,B,West-1,West,15.0,18.0,46.0,2026-04-17,58.0,2250.0,5.0,13.0,3.87
H0066,Dr. HCP_0066,Oncologist,B,East-2,East,16.0,20.8125,71.0,2026-04-27,71.0,2706.0,4.0,3.0,4.44
H0067,Dr. HCP_0067,Endocrinologist,A,East-1,East,0.0,0.0,0.0,,3.0,94.0,1.0,,
H0068,Dr. HCP_0068,Cardiologist,C,West-1,West,19.0,21.736842105263158,75.0,2026-04-15,19.0,730.0,5.0,15.0,1.0
H0069,Dr. HCP_0069,Endocrinologist,A,South-2,South,27.0,21.51851851851852,129.0,2026-04-12,266.0,11359.0,5.0,18.0,9.85
H0070,Dr. HCP_0070,Pulmonologist,C,East-2,East,24.0,20.666666666666668,90.0,2026-04-22,38.0,1373.0,5.0,8.0,1.58
H0071,Dr. HCP_0071,Cardiologist,C,South-2,South,83.0,20.096385542168676,319.0,2026-04-27,101.0,3768.0,5.0,3.0,1.22
H0072,Dr. HCP_0072,Pulmonologist,A,West-1,West,11.0,23.545454545454547,46.0,2026-04-23,80.0,3048.0,5.0,7.0,7.27
H0073,Dr. HCP_0073,Pulmonologist,A,North-2,North,16.0,21.125,82.0,2026-04-22,63.0,2669.0,5.0,8.0,3.94
H0074,Dr. HCP_0074,Oncologist,C,Central-1,Central,56.0,19.017857142857142,244.0,2026-04-24,86.0,3640.0,5.0,6.0,1.54
H0075,Dr. HCP_0075,Cardiologist,C,North-1,North,50.0,19.88,190.0,2026-04-30,72.0,2938.0,5.0,0.0,1.44
H0076,Dr. HCP_0076,Neurologist,C,South-1,South,39.0,18.71794871794872,161.0,2026-04-19,77.0,2992.0,5.0,11.0,1.97
H0077,Dr. HCP_0077,Cardiologist,C,North-1,North,53.0,22.07547169811321,213.0,2026-04-30,78.0,3065.0,5.0,0.0,1.47
H0078,Dr. HCP_0078,General Physician,A,East-2,East,8.0,18.375,24.0,2026-04-07,89.0,4028.0,5.0,23.0,11.12
H0079,Dr. HCP_0079,Neurologist,B,West-1,West,21.0,19.476190476190474,79.0,2026-04-18,93.0,3779.0,5.0,12.0,4.43
H0080,Dr. HCP_0080,Neurologist,A,West-1,West,5.0,19.6,22.0,2026-04-21,25.0,849.0,3.0,9.0,5.0
H0081,Dr. HCP_0081,Cardiologist,C,East-1,East,0.0,0.0,0.0,,4.0,163.0,1.0,,
H0082,Dr. HCP_0082,Neurologist,B,North-1,North,45.0,22.355555555555554,172.0,2026-04-27,220.0,8939.0,5.0,3.0,4.89
H0083,Dr. HCP_0083,Oncologist,B,East-2,East,11.0,22.181818181818183,57.0,2026-03-29,24.0,923.0,5.0,32.0,2.18
H0084,Dr. HCP_0084,Neurologist,A,East-2,East,7.0,23.285714285714285,26.0,2026-04-03,47.0,1935.0,5.0,27.0,6.71
H0085,Dr. HCP_0085,General Physician,B,North-2,North,44.0,20.772727272727273,182.0,2026-04-20,177.0,7424.0,5.0,10.0,4.02
H0086,Dr. HCP_0086,Pulmonologist,B,Central-1,Central,43.0,21.58139534883721,174.0,2026-04-11,173.0,6835.0,5.0,19.0,4.02
H0087,Dr. HCP_0087,Oncologist,C,East-2,East,15.0,25.4,48.0,2026-04-15,28.0,1018.0,4.0,15.0,1.87
H0088,Dr. HCP_0088,Endocrinologist,B,Central-1,Central,32.0,19.46875,131.0,2026-04-27,60.0,2545.0,5.0,3.0,1.88
H0089,Dr. HCP_0089,General Physician,C,West-1,West,23.0,20.347826086956523,103.0,2026-04-15,43.0,1770.0,5.0,15.0,1.87
H0090,Dr. HCP_0090,Neurologist,B,South-1,South,20.0,19.05,69.0,2026-04-17,79.0,3137.0,5.0,13.0,3.95
H0091,Dr. HCP_0091,Neurologist,A,West-1,West,8.0,17.125,36.0,2026-03-19,41.0,1715.0,5.0,42.0,5.12
H0092,Dr. HCP_0092,Pulmonologist,C,East-1,East,0.0,0.0,0.0,,0.0,0.0,0.0,,
H0093,Dr. HCP_0093,Neurologist,C,West-1,West,22.0,18.772727272727273,66.0,2026-04-20,24.0,983.0,5.0,10.0,1.09
H0094,Dr. HCP_0094,Oncologist,B,West-2,West,10.0,20.8,44.0,2026-04-21,42.0,1610.0,4.0,9.0,4.2
H0095,Dr. HCP_0095,Neurologist,C,South-2,South,78.0,19.46153846153846,296.0,2026-04-26,121.0,4590.0,5.0,4.0,1.55
H0096,Dr. HCP_0096,General Physician,B,South-1,South,34.0,20.735294117647058,144.0,2026-04-23,205.0,7946.0,5.0,7.0,6.03
H0097,Dr. HCP_0097,Neurologist,B,East-1,East,0.0,0.0,0.0,,11.0,430.0,2.0,,
H0098,Dr. HCP_0098,Endocrinologist,B,North-2,North,47.0,20.404255319148938,162.0,2026-04-29,161.0,6197.0,5.0,1.0,3.43
H0099,Dr. HCP_0099,Endocrinologist,A,South-2,South,24.0,21.375,85.0,2026-04-30,211.0,8429.0,5.0,0.0,8.79
H0100,Dr. HCP_0100,Cardiologist,A,North-1,North,19.0,19.526315789473685,54.0,2026-04-09,140.0,5212.0,5.0,21.0,7.37
H0101,Dr. HCP_0101,Neurologist,A,West-2,West,7.0,25.285714285714285,28.0,2026-04-18,44.0,1815.0,5.0,12.0,6.29
H0102,Dr. HCP_0102,Oncologist,B,West-2,West,18.0,19.77777777777778,64.0,2026-03-09,84.0,3083.0,5.0,52.0,4.67
H0103,Dr. HCP_0103,Oncologist,B,West-1,West,19.0,15.105263157894736,87.0,2026-04-28,69.0,2737.0,5.0,2.0,3.63
H0104,Dr. HCP_0104,Endocrinologist,B,South-2,South,41.0,20.0,139.0,2026-04-24,127.0,4959.0,5.0,6.0,3.1
H0105,Dr. HCP_0105,Oncologist,C,North-2,North,64.0,20.96875,245.0,2026-04-22,85.0,3361.0,5.0,8.0,1.33
H0106,Dr. HCP_0106,General Physician,B,South-1,South,30.0,19.7,118.0,2026-04-27,73.0,2683.0,5.0,3.0,2.43
H0107,Dr. HCP_0107,Neurologist,B,North-1,North,47.0,18.93617021276596,179.0,2026-04-29,183.0,7385.0,5.0,1.0,3.89
H0108,Dr. HCP_0108,Oncologist,C,North-2,North,57.0,20.68421052631579,220.0,2026-04-15,93.0,3821.0,5.0,15.0,1.63
H0109,Dr. HCP_0109,General Physician,B,West-2,West,15.0,20.333333333333332,68.0,2026-04-21,62.0,2402.0,5.0,9.0,4.13
H0110,Dr. HCP_0110,Neurologist,A,West-2,West,11.0,19.272727272727273,44.0,2026-04-11,59.0,2263.0,5.0,19.0,5.36
H0111,Dr. HCP_0111,Oncologist,B,Central-1,Central,43.0,21.511627906976745,166.0,2026-04-26,91.0,3839.0,5.0,4.0,2.12
H0112,Dr. HCP_0112,Oncologist,A,West-2,West,11.0,22.09090909090909,40.0,2025-12-18,101.0,4227.0,5.0,133.0,9.18
H0113,Dr. HCP_0113,General Physician,C,South-2,South,98.0,20.918367346938776,375.0,2026-04-26,113.0,4323.0,5.0,4.0,1.15
H0114,Dr. HCP_0114,Oncologist,C,Central-1,Central,60.0,19.35,221.0,2026-04-23,123.0,4603.0,5.0,7.0,2.05
H0115,Dr. HCP_0115,Oncologist,B,East-1,East,0.0,0.0,0.0,,3.0,77.0,1.0,,
H0116,Dr. HCP_0116,Endocrinologist,C,East-1,East,0.0,0.0,0.0,,4.0,140.0,1.0,,
H0117,Dr. HCP_0117,Pulmonologist,C,East-2,East,18.0,19.38888888888889,71.0,2026-04-19,30.0,1313.0,5.0,11.0,1.67
H0118,Dr. HCP_0118,Endocrinologist,A,South-1,South,14.0,20.642857142857142,48.0,2026-04-21,85.0,3136.0,5.0,9.0,6.07
H0119,Dr. HCP_0119,General Physician,C,West-1,West,27.0,17.62962962962963,119.0,2026-04-27,42.0,1671.0,5.0,3.0,1.56
H0120,Dr. HCP_0120,Cardiologist,B,South-2,South,64.0,22.125,274.0,2026-04-28,294.0,11246.0,5.0,2.0,4.59
H0121,Dr. HCP_0121,Pulmonologist,C,West-1,West,30.0,22.066666666666666,128.0,2026-04-17,44.0,1816.0,5.0,13.0,1.47
H0122,Dr. HCP_0122,Cardiologist,C,West-1,West,24.0,18.208333333333332,116.0,2026-04-04,27.0,1026.0,5.0,26.0,1.12
H0123,Dr. HCP_0123,Oncologist,B,West-1,West,16.0,16.0,68.0,2026-04-30,58.0,2157.0,5.0,0.0,3.62
H0124,Dr. HCP_0124,Oncologist,A,Central-2,Central,4.0,25.5,24.0,2026-03-04,22.0,930.0,3.0,57.0,5.5
H0125,Dr. HCP_0125,Pulmonologist,B,North-1,North,32.0,18.875,130.0,2026-04-20,110.0,4273.0,5.0,10.0,3.44
H0126,Dr. HCP_0126,Oncologist,B,West-1,West,18.0,20.88888888888889,73.0,2026-04-10,54.0,2319.0,5.0,20.0,3.0
H0127,Dr. HCP_0127,Endocrinologist,C,West-2,West,28.0,19.714285714285715,136.0,2026-04-26,57.0,2168.0,5.0,4.0,2.04
H0128,Dr. HCP_0128,Oncologist,C,West-1,West,28.0,19.071428571428573,96.0,2026-04-28,48.0,1767.0,5.0,2.0,1.71
H0129,Dr. HCP_0129,Pulmonologist,A,West-1,West,8.0,21.375,39.0,2026-04-21,60.0,2513.0,5.0,9.0,7.5
H0130,Dr. HCP_0130,Oncologist,B,South-1,South,36.0,22.11111111111111,139.0,2026-04-18,161.0,6415.0,5.0,12.0,4.47
H0131,Dr. HCP_0131,Neurologist,B,Central-2,Central,11.0,18.545454545454547,52.0,2026-03-05,36.0,1549.0,5.0,56.0,3.27
H0132,Dr. HCP_0132,Neurologist,B,West-1,West,16.0,19.375,78.0,2026-04-29,71.0,2805.0,4.0,1.0,4.44
H0133,Dr. HCP_0133,General Physician,A,North-2,North,29.0,19.0,112.0,2026-04-24,297.0,11596.0,5.0,6.0,10.24
H0134,Dr. HCP_0134,Oncologist,B,South-1,South,28.0,19.75,121.0,2026-04-28,59.0,2233.0,5.0,2.0,2.11
H0135,Dr. HCP_0135,Pulmonologist,C,North-1,North,70.0,20.214285714285715,292.0,2026-04-29,142.0,5823.0,5.0,1.0,2.03
H0136,Dr. HCP_0136,Endocrinologist,B,East-2,East,12.0,23.916666666666668,40.0,2026-01-25,27.0,1102.0,5.0,95.0,2.25
H0137,Dr. HCP_0137,Pulmonologist,B,East-2,East,14.0,18.857142857142858,54.0,2026-04-04,45.0,1677.0,5.0,26.0,3.21
H0138,Dr. HCP_0138,Oncologist,C,East-1,East,0.0,0.0,0.0,,9.0,349.0,2.0,,
H0139,Dr. HCP_0139,Oncologist,B,North-2,North,45.0,18.11111111111111,178.0,2026-04-27,118.0,5026.0,5.0,3.0,2.62
H0140,Dr. HCP_0140,Cardiologist,C,Central-1,Central,75.0,19.186666666666667,314.0,2026-04-29,98.0,3660.0,5.0,1.0,1.31
H0141,Dr. HCP_0141,General Physician,C,South-2,South,71.0,18.6056338028169,313.0,2026-04-13,93.0,3576.0,5.0,17.0,1.31
H0142,Dr. HCP_0142,Cardiologist,B,North-1,North,38.0,20.13157894736842,164.0,2026-04-25,130.0,5146.0,5.0,5.0,3.42
H0143,Dr. HCP_0143,Cardiologist,B,South-2,South,68.0,18.5,282.0,2026-04-30,289.0,11853.0,5.0,0.0,4.25
H0144,Dr. HCP_0144,Endocrinologist,B,South-2,South,76.0,21.105263157894736,317.0,2026-04-24,288.0,10910.0,5.0,6.0,3.79
H0145,Dr. HCP_0145,Neurologist,B,North-2,North,40.0,18.825,151.0,2026-04-27,210.0,8366.0,5.0,3.0,5.25
H0146,Dr. HCP_0146,General Physician,A,West-2,West,9.0,20.444444444444443,32.0,2026-04-06,63.0,2720.0,4.0,24.0,7.0
H0147,Dr. HCP_0147,Endocrinologist,B,East-2,East,12.0,23.333333333333332,50.0,2026-04-16,58.0,2170.0,4.0,14.0,4.83
H0148,Dr. HCP_0148,Pulmonologist,B,South-1,South,38.0,20.92105263157895,153.0,2026-04-01,169.0,6333.0,5.0,29.0,4.45
H0149,Dr. HCP_0149,Cardiologist,A,Central-2,Central,3.0,20.333333333333332,13.0,2026-01-26,23.0,935.0,3.0,94.0,7.67
H0150,Dr. HCP_0150,General Physician,B,Central-2,Central,12.0,21.166666666666668,31.0,2026-04-29,51.0,2149.0,4.0,1.0,4.25
H0151,Dr. HCP_0151,General Physician,C,West-1,West,17.0,21.647058823529413,58.0,2026-04-29,30.0,1222.0,4.0,1.0,1.76
H0152,Dr. HCP_0152,Neurologist,B,North-2,North,43.0,20.674418604651162,152.0,2026-04-28,138.0,5914.0,5.0,2.0,3.21
H0153,Dr. HCP_0153,General Physician,A,North-2,North,23.0,20.17391304347826,77.0,2026-04-05,152.0,5741.0,5.0,25.0,6.61
H0154,Dr. HCP_0154,Cardiologist,B,Central-2,Central,15.0,20.133333333333333,62.0,2026-03-30,56.0,2365.0,5.0,31.0,3.73
H0155,Dr. HCP_0155,Neurologist,C,East-2,East,22.0,20.863636363636363,105.0,2026-04-27,29.0,1173.0,5.0,3.0,1.32
H0156,Dr. HCP_0156,Cardiologist,B,East-2,East,19.0,19.94736842105263,65.0,2026-04-07,67.0,2875.0,5.0,23.0,3.53
H0157,Dr. HCP_0157,Oncologist,B,North-1,North,29.0,19.275862068965516,122.0,2026-04-26,84.0,3595.0,5.0,4.0,2.9
H0158,Dr. HCP_0158,Oncologist,C,North-2,North,76.0,21.644736842105264,245.0,2026-04-28,126.0,4977.0,5.0,2.0,1.66
H0159,Dr. HCP_0159,General Physician,B,West-2,West,17.0,23.058823529411764,62.0,2026-04-27,40.0,1545.0,5.0,3.0,2.35
H0160,Dr. HCP_0160,Endocrinologist,C,West-1,West,38.0,22.0,165.0,2026-04-30,35.0,1313.0,5.0,0.0,0.92
H0161,Dr. HCP_0161,Neurologist,B,Central-2,Central,16.0,22.8125,70.0,2026-04-28,46.0,1784.0,5.0,2.0,2.88
H0162,Dr. HCP_0162,Oncologist,B,West-2,West,17.0,21.705882352941178,51.0,2026-04-23,63.0,2267.0,5.0,7.0,3.71
H0163,Dr. HCP_0163,Endocrinologist,B,East-2,East,14.0,19.0,63.0,2026-04-24,63.0,2741.0,5.0,6.0,4.5
H0164,Dr. HCP_0164,Oncologist,B,East-1,East,0.0,0.0,0.0,,4.0,168.0,1.0,,
H0165,Dr. HCP_0165,Neurologist,A,West-2,West,5.0,26.4,26.0,2026-04-22,39.0,1496.0,4.0,8.0,7.8
H0166,Dr. HCP_0166,Cardiologist,C,East-2,East,18.0,19.444444444444443,70.0,2026-04-27,29.0,1165.0,5.0,3.0,1.61
H0167,Dr. HCP_0167,Endocrinologist,B,East-2,East,11.0,19.727272727272727,34.0,2026-04-17,25.0,1125.0,4.0,13.0,2.27
H0168,Dr. HCP_0168,Pulmonologist,A,South-2,South,24.0,22.541666666666668,91.0,2026-04-25,175.0,6778.0,5.0,5.0,7.29
H0169,Dr. HCP_0169,Pulmonologist,A,East-2,East,11.0,21.272727272727273,53.0,2026-04-25,89.0,3882.0,4.0,5.0,8.09
H0170,Dr. HCP_0170,Cardiologist,B,Central-1,Central,34.0,20.08823529411765,153.0,2026-04-21,125.0,4825.0,5.0,9.0,3.68
H0171,Dr. HCP_0171,Endocrinologist,B,North-2,North,49.0,21.755102040816325,204.0,2026-04-16,174.0,7062.0,5.0,14.0,3.55
H0172,Dr. HCP_0172,Neurologist,A,West-2,West,6.0,17.333333333333332,25.0,2026-04-24,55.0,2329.0,3.0,6.0,9.17
H0173,Dr. HCP_0173,General Physician,B,West-2,West,19.0,17.36842105263158,87.0,2026-03-28,89.0,3532.0,5.0,33.0,4.68
H0174,Dr. HCP_0174,Cardiologist,B,West-2,West,18.0,21.333333333333332,79.0,2026-04-18,63.0,2672.0,5.0,12.0,3.5
H0175,Dr. HCP_0175,Endocrinologist,B,East-1,East,0.0,0.0,0.0,,4.0,152.0,2.0,,
H0176,Dr. HCP_0176,Pulmonologist,A,South-2,South,37.0,18.18918918918919,149.0,2026-04-21,264.0,9444.0,5.0,9.0,7.14
H0177,Dr. HCP_0177,Neurologist,B,West-2,West,15.0,18.066666666666666,42.0,2026-04-23,68.0,2726.0,4.0,7.0,4.53
H0178,Dr. HCP_0178,General Physician,B,West-1,West,8.0,20.0,33.0,2026-03-21,23.0,827.0,4.0,40.0,2.88
H0179,Dr. HCP_0179,General Physician,C,East-2,East,17.0,20.58823529411765,65.0,2026-04-29,20.0,776.0,4.0,1.0,1.18
H0180,Dr. HCP_0180,Pulmonologist,A,East-1,East,0.0,0.0,0.0,,2.0,75.0,1.0,,
H0181,Dr. HCP_0181,Cardiologist,B,South-2,South,54.0,21.444444444444443,232.0,2026-04-30,262.0,10330.0,5.0,0.0,4.85
H0182,Dr. HCP_0182,Cardiologist,A,East-2,East,12.0,18.0,54.0,2026-04-18,79.0,3086.0,5.0,12.0,6.58
H0183,Dr. HCP_0183,Endocrinologist,C,South-2,South,84.0,18.726190476190474,360.0,2026-04-20,106.0,3997.0,5.0,10.0,1.26
H0184,Dr. HCP_0184,General Physician,C,East-1,East,0.0,0.0,0.0,,5.0,246.0,1.0,,
H0185,Dr. HCP_0185,Endocrinologist,B,North-2,North,51.0,21.58823529411765,199.0,2026-04-24,180.0,7299.0,5.0,6.0,3.53
H0186,Dr. HCP_0186,Pulmonologist,B,South-2,South,45.0,19.666666666666668,137.0,2026-04-23,194.0,7939.0,5.0,7.0,4.31
H0187,Dr. HCP_0187,Cardiologist,C,East-1,East,0.0,0.0,0.0,,9.0,429.0,2.0,,
H0188,Dr. HCP_0188,Cardiologist,B,East-1,East,0.0,0.0,0.0,,0.0,0.0,0.0,,
H0189,Dr. HCP_0189,Pulmonologist,B,Central-1,Central,40.0,19.675,164.0,2026-04-22,181.0,7222.0,5.0,8.0,4.53
H0190,Dr. HCP_0190,Cardiologist,B,West-2,West,19.0,17.526315789473685,95.0,2026-04-28,89.0,3245.0,5.0,2.0,4.68
H0191,Dr. HCP_0191,Pulmonologist,A,Central-2,Central,4.0,21.0,3.0,2026-02-01,24.0,995.0,4.0,88.0,6.0
H0192,Dr. HCP_0192,Oncologist,C,West-2,West,18.0,21.88888888888889,88.0,2026-04-30,19.0,719.0,5.0,0.0,1.06
H0193,Dr. HCP_0193,Cardiologist,C,South-1,South,48.0,20.166666666666668,168.0,2026-04-20,76.0,3180.0,5.0,10.0,1.58
H0194,Dr. HCP_0194,Cardiologist,B,West-2,West,17.0,18.823529411764707,56.0,2026-04-13,62.0,2488.0,5.0,17.0,3.65
H0195,Dr. HCP_0195,Oncologist,B,West-1,West,13.0,17.692307692307693,56.0,2026-03-28,38.0,1707.0,5.0,33.0,2.92
H0196,Dr. HCP_0196,General Physician,B,Central-2,Central,16.0,22.625,74.0,2026-04-30,43.0,1653.0,5.0,0.0,2.69
H0197,Dr. HCP_0197,Endocrinologist,C,South-1,South,43.0,21.767441860465116,157.0,2026-04-20,72.0,2867.0,5.0,10.0,1.67
H0198,Dr. HCP_0198,Endocrinologist,C,North-2,North,68.0,19.63235294117647,275.0,2026-04-29,152.0,6176.0,5.0,1.0,2.24
H0199,Dr. HCP_0199,Oncologist,C,Central-1,Central,51.0,22.0,194.0,2026-04-26,85.0,3552.0,5.0,4.0,1.67
H0200,Dr. HCP_0200,Oncologist,C,Central-1,Central,57.0,18.24561403508772,206.0,2026-04-21,86.0,3186.0,5.0,9.0,1.51
H0201,Dr. HCP_0201,Pulmonologist,B,West-2,West,19.0,22.63157894736842,62.0,2026-04-10,61.0,2535.0,5.0,20.0,3.21
H0202,Dr. HCP_0202,Neurologist,A,East-1,East,0.0,0.0,0.0,,5.0,279.0,1.0,,
H0203,Dr. HCP_0203,General Physician,A,Central-2,Central,7.0,18.714285714285715,33.0,2026-04-29,64.0,2601.0,4.0,1.0,9.14
H0204,Dr. HCP_0204,General Physician,C,South-2,South,87.0,17.632183908045977,328.0,2026-04-30,151.0,5895.0,5.0,0.0,1.74
H0205,Dr. HCP_0205,General Physician,B,East-1,East,0.0,0.0,0.0,,2.0,61.0,1.0,,
H0206,Dr. HCP_0206,Endocrinologist,A,South-1,South,16.0,18.625,53.0,2026-03-24,135.0,5561.0,5.0,37.0,8.44
H0207,Dr. HCP_0207,Cardiologist,A,Central-1,Central,9.0,22.333333333333332,46.0,2026-03-14,75.0,2710.0,5.0,47.0,8.33
H0208,Dr. HCP_0208,Oncologist,B,North-1,North,47.0,18.48936170212766,212.0,2026-04-20,161.0,6647.0,5.0,10.0,3.43
H0209,Dr. HCP_0209,Oncologist,A,Central-2,Central,9.0,20.666666666666668,35.0,2026-03-09,79.0,3431.0,5.0,52.0,8.78
H0210,Dr. HCP_0210,Endocrinologist,A,North-1,North,18.0,20.055555555555557,70.0,2026-04-16,103.0,4331.0,5.0,14.0,5.72
H0211,Dr. HCP_0211,General Physician,B,East-1,East,0.0,0.0,0.0,,4.0,194.0,1.0,,
H0212,Dr. HCP_0212,General Physician,B,North-2,North,48.0,18.645833333333332,185.0,2026-04-06,234.0,9482.0,5.0,24.0,4.88
H0213,Dr. HCP_0213,General Physician,B,East-1,East,0.0,0.0,0.0,,6.0,254.0,1.0,,
H0214,Dr. HCP_0214,Cardiologist,B,West-1,West,17.0,18.58823529411765,69.0,2026-04-13,35.0,1275.0,5.0,17.0,2.06
H0215,Dr. HCP_0215,Pulmonologist,C,South-1,South,41.0,18.29268292682927,158.0,2026-04-08,82.0,3530.0,5.0,22.0,2.0
H0216,Dr. HCP_0216,Cardiologist,B,North-2,North,46.0,19.91304347826087,225.0,2026-04-16,149.0,6331.0,5.0,14.0,3.24
H0217,Dr. HCP_0217,Neurologist,B,East-1,East,0.0,0.0,0.0,,0.0,0.0,0.0,,
H0218,Dr. HCP_0218,Cardiologist,C,West-2,West,27.0,19.333333333333332,102.0,2026-04-10,31.0,1206.0,5.0,20.0,1.15
H0219,Dr. HCP_0219,General Physician,B,East-1,East,0.0,0.0,0.0,,7.0,216.0,2.0,,
H0220,Dr. HCP_0220,Neurologist,C,East-1,East,0.0,0.0,0.0,,1.0,21.0,1.0,,
H0221,Dr. HCP_0221,Cardiologist,B,West-2,West,14.0,15.357142857142858,51.0,2026-04-22,49.0,2019.0,5.0,8.0,3.5
H0222,Dr. HCP_0222,General Physician,B,West-1,West,15.0,15.733333333333333,58.0,2026-04-17,58.0,2482.0,4.0,13.0,3.87
H0223,Dr. HCP_0223,Pulmonologist,A,Central-2,Central,12.0,18.666666666666668,63.0,2026-04-30,78.0,3254.0,5.0,0.0,6.5
H0224,Dr. HCP_0224,Endocrinologist,B,North-2,North,34.0,19.647058823529413,108.0,2026-04-23,162.0,7009.0,5.0,7.0,4.76
H0225,Dr. HCP_0225,Neurologist,B,East-1,East,0.0,0.0,0.0,,9.0,340.0,3.0,,
H0226,Dr. HCP_0226,Oncologist,B,South-1,South,30.0,18.7,116.0,2026-04-22,102.0,3893.0,5.0,8.0,3.4
H0227,Dr. HCP_0227,Endocrinologist,C,East-1,East,0.0,0.0,0.0,,10.0,484.0,2.0,,
H0228,Dr. HCP_0228,Cardiologist,B,West-2,West,14.0,18.0,59.0,2026-04-26,50.0,1862.0,4.0,4.0,3.57
H0229,Dr. HCP_0229,Oncologist,C,East-2,East,26.0,20.5,79.0,2026-03-31,23.0,920.0,5.0,30.0,0.88
H0230,Dr. HCP_0230,General Physician,B,East-2,East,15.0,20.2,54.0,2026-04-03,63.0,2322.0,5.0,27.0,4.2
H0231,Dr. HCP_0231,Pulmonologist,C,South-1,South,47.0,18.53191489361702,164.0,2026-04-19,45.0,1982.0,5.0,11.0,0.96
H0232,Dr. HCP_0232,Pulmonologist,B,West-2,West,22.0,19.727272727272727,91.0,2026-04-21,45.0,1833.0,4.0,9.0,2.05
H0233,Dr. HCP_0233,Cardiologist,B,Central-1,Central,32.0,19.71875,132.0,2026-04-22,148.0,5319.0,5.0,8.0,4.62
H0234,Dr. HCP_0234,Pulmonologist,B,North-2,North,43.0,20.558139534883722,169.0,2026-03-24,222.0,8333.0,5.0,37.0,5.16
H0235,Dr. HCP_0235,Cardiologist,A,East-2,East,5.0,24.4,21.0,2026-04-14,31.0,1179.0,3.0,16.0,6.2
H0236,Dr. HCP_0236,Cardiologist,C,Central-1,Central,69.0,19.782608695652176,269.0,2026-04-26,120.0,4680.0,5.0,4.0,1.74
H0237,Dr. HCP_0237,Cardiologist,B,West-1,West,21.0,18.952380952380953,83.0,2026-04-25,77.0,3084.0,5.0,5.0,3.67
H0238,Dr. HCP_0238,Pulmonologist,A,Central-1,Central,7.0,19.714285714285715,34.0,2026-03-05,66.0,2466.0,5.0,56.0,9.43
H0239,Dr. HCP_0239,Cardiologist,B,West-2,West,6.0,22.166666666666668,22.0,2026-02-20,27.0,1071.0,4.0,69.0,4.5
H0240,Dr. HCP_0240,Neurologist,A,East-1,East,0.0,0.0,0.0,,7.0,190.0,1.0,,
H0241,Dr. HCP_0241,Oncologist,C,East-1,East,0.0,0.0,0.0,,1.0,22.0,1.0,,
H0242,Dr. HCP_0242,Cardiologist,C,North-2,North,75.0,19.8,295.0,2026-04-24,133.0,5480.0,5.0,6.0,1.77
H0243,Dr. HCP_0243,Pulmonologist,C,South-1,South,49.0,21.0,200.0,2026-04-21,83.0,3161.0,5.0,9.0,1.69
H0244,Dr. HCP_0244,Oncologist,B,Central-1,Central,34.0,18.970588235294116,130.0,2026-04-20,99.0,3801.0,5.0,10.0,2.91
H0245,Dr. HCP_0245,Cardiologist,A,South-2,South,34.0,17.058823529411764,134.0,2026-04-24,337.0,13910.0,5.0,6.0,9.91
H0246,Dr. HCP_0246,General Physician,C,North-2,North,66.0,20.46969696969697,288.0,2026-04-26,92.0,3546.0,5.0,4.0,1.39
H0247,Dr. HCP_0247,General Physician,B,West-2,West,17.0,19.705882352941178,79.0,2026-04-12,69.0,2684.0,5.0,18.0,4.06
H0248,Dr. HCP_0248,General Physician,C,Central-1,Central,52.0,21.71153846153846,230.0,2026-04-30,94.0,3801.0,5.0,0.0,1.81
H0249,Dr. HCP_0249,Oncologist,C,West-1,West,22.0,20.318181818181817,102.0,2026-04-24,29.0,1037.0,5.0,6.0,1.32
H0250,Dr. HCP_0250,Oncologist,C,South-2,South,91.0,20.406593406593405,378.0,2026-04-29,118.0,4601.0,5.0,1.0,1.3
H0251,Dr. HCP_0251,Endocrinologist,B,West-1,West,21.0,19.38095238095238,73.0,2026-04-10,74.0,3162.0,5.0,20.0,3.52
H0252,Dr. HCP_0252,Pulmonologist,B,North-2,North,35.0,20.17142857142857,140.0,2026-04-22,135.0,4807.0,5.0,8.0,3.86
H0253,Dr. HCP_0253,Neurologist,C,East-2,East,23.0,21.434782608695652,101.0,2026-04-28,21.0,805.0,4.0,2.0,0.91
H0254,Dr. HCP_0254,Pulmonologist,B,North-1,North,51.0,18.96078431372549,232.0,2026-04-19,175.0,7179.0,5.0,11.0,3.43
H0255,Dr. HCP_0255,Neurologist,A,Central-2,Central,9.0,23.22222222222222,43.0,2026-04-23,69.0,2881.0,5.0,7.0,7.67
H0256,Dr. HCP_0256,Oncologist,B,South-1,South,28.0,19.107142857142858,120.0,2026-04-17,103.0,3743.0,5.0,13.0,3.68
H0257,Dr. HCP_0257,Pulmonologist,C,East-2,East,23.0,21.434782608695652,113.0,2026-04-24,30.0,1260.0,5.0,6.0,1.3
H0258,Dr. HCP_0258,Pulmonologist,B,West-2,West,19.0,20.36842105263158,75.0,2026-04-17,60.0,2578.0,4.0,13.0,3.16
H0259,Dr. HCP_0259,Neurologist,B,South-2,South,45.0,20.0,165.0,2026-04-25,182.0,7167.0,5.0,5.0,4.04
H0260,Dr. HCP_0260,Oncologist,A,South-2,South,24.0,19.416666666666668,88.0,2026-04-10,152.0,6174.0,5.0,20.0,6.33
H0261,Dr. HCP_0261,General Physician,B,East-2,East,12.0,20.083333333333332,47.0,2026-03-13,33.0,1278.0,5.0,48.0,2.75
H0262,Dr. HCP_0262,Oncologist,C,West-1,West,25.0,20.28,121.0,2026-04-29,40.0,1703.0,5.0,1.0,1.6
H0263,Dr. HCP_0263,Cardiologist,A,West-2,West,5.0,19.2,20.0,2026-04-01,44.0,1688.0,4.0,29.0,8.8
H0264,Dr. HCP_0264,Neurologist,B,Central-1,Central,33.0,21.96969696969697,126.0,2026-04-23,124.0,5208.0,5.0,7.0,3.76
H0265,Dr. HCP_0265,Oncologist,C,North-2,North,53.0,20.150943396226417,168.0,2026-04-12,105.0,3968.0,5.0,18.0,1.98
H0266,Dr. HCP_0266,Oncologist,C,Central-1,Central,59.0,19.54237288135593,239.0,2026-04-17,84.0,3401.0,5.0,13.0,1.42
H0267,Dr. HCP_0267,Oncologist,B,South-1,South,36.0,20.944444444444443,131.0,2026-04-25,131.0,5636.0,5.0,5.0,3.64
H0268,Dr. HCP_0268,Oncologist,C,North-2,North,77.0,19.48051948051948,321.0,2026-04-27,132.0,5564.0,5.0,3.0,1.71
H0269,Dr. HCP_0269,Neurologist,B,East-2,East,15.0,20.133333333333333,65.0,2026-03-11,44.0,1717.0,4.0,50.0,2.93
H0270,Dr. HCP_0270,Pulmonologist,B,North-2,North,47.0,19.04255319148936,193.0,2026-03-19,185.0,7103.0,5.0,42.0,3.94
H0271,Dr. HCP_0271,General Physician,C,East-2,East,22.0,17.727272727272727,116.0,2026-04-30,33.0,1479.0,3.0,0.0,1.5
H0272,Dr. HCP_0272,Cardiologist,C,Central-1,Central,56.0,20.696428571428573,219.0,2026-04-23,50.0,2116.0,5.0,7.0,0.89
H0273,Dr. HCP_0273,General Physician,C,South-2,South,101.0,19.425742574257427,448.0,2026-04-29,182.0,7213.0,5.0,1.0,1.8
H0274,Dr. HCP_0274,General Physician,C,South-2,South,88.0,19.71590909090909,399.0,2026-04-25,149.0,5863.0,5.0,5.0,1.69
H0275,Dr. HCP_0275,Cardiologist,B,West-1,West,22.0,24.0,75.0,2026-03-26,90.0,3845.0,5.0,35.0,4.09
H0276,Dr. HCP_0276,Endocrinologist,B,West-2,West,21.0,20.523809523809526,93.0,2026-04-30,43.0,1942.0,5.0,0.0,2.05
H0277,Dr. HCP_0277,Cardiologist,C,North-1,North,61.0,18.639344262295083,218.0,2026-04-21,85.0,3659.0,5.0,9.0,1.39
H0278,Dr. HCP_0278,Pulmonologist,B,North-1,North,49.0,20.897959183673468,173.0,2026-04-19,198.0,7664.0,5.0,11.0,4.04
H0279,Dr. HCP_0279,Oncologist,C,East-2,East,23.0,24.043478260869566,81.0,2026-04-21,30.0,1258.0,5.0,9.0,1.3
H0280,Dr. HCP_0280,Neurologist,C,South-2,South,86.0,19.24418604651163,285.0,2026-04-22,80.0,3256.0,5.0,8.0,0.93
H0281,Dr. HCP_0281,General Physician,C,Central-2,Central,16.0,22.375,61.0,2026-03-05,33.0,1508.0,4.0,56.0,2.06
H0282,Dr. HCP_0282,Endocrinologist,B,South-1,South,27.0,20.22222222222222,120.0,2026-04-27,93.0,3658.0,5.0,3.0,3.44
H0283,Dr. HCP_0283,Oncologist,B,Central-2,Central,14.0,20.642857142857142,44.0,2026-03-20,29.0,956.0,4.0,41.0,2.07
H0284,Dr. HCP_0284,Neurologist,A,West-2,West,2.0,16.5,0.0,2025-06-23,25.0,950.0,3.0,311.0,12.5
H0285,Dr. HCP_0285,Oncologist,B,South-2,South,58.0,22.137931034482758,250.0,2026-04-27,155.0,6061.0,5.0,3.0,2.67
H0286,Dr. HCP_0286,Pulmonologist,A,West-2,West,10.0,24.1,33.0,2026-03-28,83.0,2975.0,3.0,33.0,8.3
H0287,Dr. HCP_0287,Pulmonologist,B,West-2,West,12.0,16.166666666666668,37.0,2026-02-16,38.0,1340.0,5.0,73.0,3.17
H0288,Dr. HCP_0288,Oncologist,B,North-2,North,43.0,18.767441860465116,160.0,2026-04-26,171.0,7081.0,5.0,4.0,3.98
H0289,Dr. HCP_0289,Pulmonologist,B,Central-2,Central,19.0,21.94736842105263,98.0,2026-04-27,43.0,1707.0,5.0,3.0,2.26
H0290,Dr. HCP_0290,Oncologist,B,East-1,East,0.0,0.0,0.0,,5.0,190.0,2.0,,
H0291,Dr. HCP_0291,Oncologist,A,South-2,South,24.0,18.583333333333332,89.0,2026-04-19,230.0,9931.0,5.0,11.0,9.58
H0292,Dr. HCP_0292,Endocrinologist,A,North-2,North,27.0,19.48148148148148,129.0,2026-04-21,173.0,6886.0,5.0,9.0,6.41
H0293,Dr. HCP_0293,Pulmonologist,C,Central-2,Central,19.0,19.31578947368421,81.0,2026-04-07,27.0,936.0,5.0,23.0,1.42
H0294,Dr. HCP_0294,Cardiologist,B,East-1,East,0.0,0.0,0.0,,0.0,0.0,0.0,,
H0295,Dr. HCP_0295,Cardiologist,A,East-1,East,0.0,0.0,0.0,,12.0,395.0,3.0,,
H0296,Dr. HCP_0296,General Physician,B,Central-2,Central,14.0,15.357142857142858,52.0,2026-04-02,49.0,2033.0,5.0,28.0,3.5
H0297,Dr. HCP_0297,Endocrinologist,C,East-1,East,0.0,0.0,0.0,,1.0,48.0,1.0,,
H0298,Dr. HCP_0298,General Physician,B,South-2,South,53.0,17.433962264150942,222.0,2026-04-28,233.0,8735.0,5.0,2.0,4.4
H0299,Dr. HCP_0299,Pulmonologist,B,Central-2,Central,21.0,23.095238095238095,65.0,2026-04-29,70.0,2952.0,5.0,1.0,3.33
H0300,Dr. HCP_0300,General Physician,A,North-2,North,20.0,17.8,67.0,2026-04-16,199.0,8348.0,5.0,14.0,9.95
H0301,Dr. HCP_0301,Oncologist,A,East-1,East,0.0,0.0,0.0,,8.0,305.0,2.0,,
H0302,Dr. HCP_0302,Pulmonologist,B,Central-2,Central,12.0,16.75,44.0,2026-04-05,56.0,2046.0,4.0,25.0,4.67
H0303,Dr. HCP_0303,Pulmonologist,B,North-2,North,52.0,19.096153846153847,185.0,2026-04-22,215.0,8712.0,5.0,8.0,4.13
H0304,Dr. HCP_0304,Endocrinologist,B,West-1,West,17.0,17.58823529411765,58.0,2026-04-28,60.0,2326.0,5.0,2.0,3.53
H0305,Dr. HCP_0305,Neurologist,C,South-1,South,47.0,21.0,220.0,2026-04-19,65.0,2845.0,5.0,11.0,1.38
H0306,Dr. HCP_0306,Neurologist,C,Central-1,Central,59.0,20.084745762711865,267.0,2026-04-30,105.0,3869.0,5.0,0.0,1.78
H0307,Dr. HCP_0307,Pulmonologist,B,South-1,South,41.0,18.975609756097562,150.0,2026-04-21,107.0,4486.0,5.0,9.0,2.61
H0308,Dr. HCP_0308,General Physician,B,East-1,East,0.0,0.0,0.0,,0.0,0.0,0.0,,
H0309,Dr. HCP_0309,Oncologist,C,North-2,North,69.0,20.231884057971016,315.0,2026-04-29,116.0,4770.0,5.0,1.0,1.68
H0310,Dr. HCP_0310,Endocrinologist,B,South-1,South,38.0,18.94736842105263,127.0,2026-04-20,143.0,5351.0,5.0,10.0,3.76
H0311,Dr. HCP_0311,Pulmonologist,B,Central-1,Central,35.0,21.514285714285716,133.0,2026-04-20,118.0,4705.0,5.0,10.0,3.37
H0312,Dr. HCP_0312,Cardiologist,A,West-1,West,10.0,20.9,45.0,2026-03-28,60.0,2617.0,5.0,33.0,6.0
H0313,Dr. HCP_0313,Cardiologist,A,Central-1,Central,22.0,21.227272727272727,70.0,2026-04-27,149.0,6244.0,5.0,3.0,6.77
H0314,Dr. HCP_0314,General Physician,C,East-2,East,19.0,19.31578947368421,65.0,2026-04-25,21.0,808.0,3.0,5.0,1.11
H0315,Dr. HCP_0315,Oncologist,C,Central-2,Central,16.0,20.3125,74.0,2026-04-27,11.0,537.0,4.0,3.0,0.69
H0316,Dr. HCP_0316,General Physician,B,North-2,North,43.0,21.813953488372093,180.0,2026-04-19,184.0,6401.0,5.0,11.0,4.28
H0317,Dr. HCP_0317,Cardiologist,B,West-2,West,11.0,20.727272727272727,44.0,2026-01-09,57.0,2612.0,4.0,111.0,5.18
H0318,Dr. HCP_0318,Endocrinologist,A,Central-2,Central,10.0,24.5,43.0,2026-04-17,83.0,3178.0,5.0,13.0,8.3
H0319,Dr. HCP_0319,General Physician,A,West-2,West,8.0,22.5,35.0,2026-04-08,51.0,2027.0,3.0,22.0,6.38
H0320,Dr. HCP_0320,Cardiologist,B,West-1,West,22.0,20.5,87.0,2026-03-08,88.0,3805.0,5.0,53.0,4.0
H0321,Dr. HCP_0321,Cardiologist,B,North-1,North,37.0,21.783783783783782,143.0,2026-04-29,197.0,7589.0,5.0,1.0,5.32
H0322,Dr. HCP_0322,Cardiologist,C,West-2,West,21.0,19.476190476190474,76.0,2026-03-30,20.0,789.0,5.0,31.0,0.95
H0323,Dr. HCP_0323,Neurologist,B,South-2,South,73.0,20.91780821917808,267.0,2026-04-30,354.0,15064.0,5.0,0.0,4.85
H0324,Dr. HCP_0324,Oncologist,B,West-1,West,13.0,21.23076923076923,61.0,2026-04-17,26.0,956.0,5.0,13.0,2.0
H0325,Dr. HCP_0325,Oncologist,C,Central-1,Central,53.0,20.0188679245283,209.0,2026-04-25,100.0,4078.0,5.0,5.0,1.89
H0326,Dr. HCP_0326,General Physician,C,West-1,West,24.0,21.041666666666668,90.0,2026-03-14,30.0,1206.0,5.0,47.0,1.25
H0327,Dr. HCP_0327,Neurologist,B,West-2,West,17.0,20.176470588235293,68.0,2026-04-18,42.0,1433.0,5.0,12.0,2.47
H0328,Dr. HCP_0328,Cardiologist,B,East-1,East,0.0,0.0,0.0,,1.0,49.0,1.0,,
H0329,Dr. HCP_0329,Oncologist,B,South-2,South,53.0,20.60377358490566,219.0,2026-04-27,167.0,6712.0,5.0,3.0,3.15
H0330,Dr. HCP_0330,Pulmonologist,B,South-2,South,75.0,18.586666666666666,321.0,2026-04-28,302.0,11944.0,5.0,2.0,4.03
H0331,Dr. HCP_0331,Neurologist,B,East-2,East,12.0,16.916666666666668,56.0,2026-02-12,44.0,1832.0,5.0,77.0,3.67
H0332,Dr. HCP_0332,Oncologist,C,North-1,North,75.0,19.4,306.0,2026-04-28,100.0,4184.0,5.0,2.0,1.33
H0333,Dr. HCP_0333,Cardiologist,A,South-2,South,24.0,19.666666666666668,107.0,2026-04-16,240.0,9938.0,5.0,14.0,10.0
H0334,Dr. HCP_0334,General Physician,A,North-2,North,28.0,18.071428571428573,113.0,2026-04-14,101.0,3914.0,5.0,16.0,3.61
H0335,Dr. HCP_0335,Cardiologist,A,Central-2,Central,3.0,27.333333333333332,13.0,2026-02-26,21.0,880.0,5.0,63.0,7.0
H0336,Dr. HCP_0336,Endocrinologist,A,East-2,East,6.0,18.166666666666668,39.0,2026-03-11,51.0,1942.0,5.0,50.0,8.5
H0337,Dr. HCP_0337,Endocrinologist,C,Central-2,Central,21.0,19.285714285714285,87.0,2026-04-28,22.0,859.0,4.0,2.0,1.05
H0338,Dr. HCP_0338,Endocrinologist,C,Central-1,Central,48.0,20.229166666666668,181.0,2026-04-06,56.0,2377.0,5.0,24.0,1.17
H0339,Dr. HCP_0339,Pulmonologist,B,South-2,South,61.0,20.098360655737704,241.0,2026-04-26,230.0,8922.0,5.0,4.0,3.77
H0340,Dr. HCP_0340,Cardiologist,A,Central-2,Central,9.0,22.22222222222222,40.0,2026-04-01,74.0,2900.0,5.0,29.0,8.22
H0341,Dr. HCP_0341,Endocrinologist,B,South-1,South,29.0,20.275862068965516,121.0,2026-04-25,110.0,4288.0,5.0,5.0,3.79
H0342,Dr. HCP_0342,Cardiologist,B,South-1,South,32.0,20.25,101.0,2026-04-30,150.0,6085.0,5.0,0.0,4.69
H0343,Dr. HCP_0343,Cardiologist,A,South-1,South,9.0,21.88888888888889,34.0,2026-04-02,72.0,2948.0,5.0,28.0,8.0
H0344,Dr. HCP_0344,Neurologist,B,South-2,South,59.0,18.76271186440678,221.0,2026-04-29,214.0,9067.0,5.0,1.0,3.63
H0345,Dr. HCP_0345,Endocrinologist,B,North-1,North,44.0,21.25,195.0,2026-04-23,164.0,6281.0,5.0,7.0,3.73
H0346,Dr. HCP_0346,Endocrinologist,B,North-1,North,34.0,20.5,131.0,2026-04-29,155.0,5819.0,5.0,1.0,4.56
H0347,Dr. HCP_0347,Cardiologist,B,Central-1,Central,36.0,21.11111111111111,141.0,2026-04-30,120.0,4544.0,5.0,0.0,3.33
H0348,Dr. HCP_0348,Oncologist,A,West-2,West,8.0,21.375,34.0,2026-03-22,75.0,2888.0,5.0,39.0,9.38
H0349,Dr. HCP_0349,Neurologist,B,Central-1,Central,43.0,17.25581395348837,202.0,2026-04-17,181.0,7684.0,5.0,13.0,4.21
H0350,Dr. HCP_0350,Neurologist,B,West-2,West,22.0,23.681818181818183,88.0,2026-04-11,71.0,3034.0,5.0,19.0,3.23
H0351,Dr. HCP_0351,Cardiologist,B,Central-2,Central,19.0,19.31578947368421,73.0,2026-04-14,57.0,2353.0,4.0,16.0,3.0
H0352,Dr. HCP_0352,General Physician,C,West-2,West,27.0,21.88888888888889,110.0,2026-03-18,18.0,696.0,5.0,43.0,0.67
H0353,Dr. HCP_0353,Oncologist,B,North-1,North,38.0,22.657894736842106,130.0,2026-04-07,75.0,3159.0,5.0,23.0,1.97
H0354,Dr. HCP_0354,General Physician,A,West-1,West,7.0,17.714285714285715,23.0,2026-04-15,35.0,1334.0,5.0,15.0,5.0
H0355,Dr. HCP_0355,General Physician,A,West-2,West,8.0,18.375,36.0,2026-04-17,49.0,1930.0,5.0,13.0,6.12
H0356,Dr. HCP_0356,Cardiologist,B,North-2,North,40.0,17.95,165.0,2026-04-14,146.0,5948.0,5.0,16.0,3.65
H0357,Dr. HCP_0357,Endocrinologist,A,Central-2,Central,5.0,20.4,19.0,2026-03-09,51.0,2183.0,3.0,52.0,10.2
H0358,Dr. HCP_0358,Pulmonologist,B,South-1,South,35.0,20.142857142857142,144.0,2026-04-29,76.0,3007.0,5.0,1.0,2.17
H0359,Dr. HCP_0359,Neurologist,C,West-1,West,15.0,21.8,62.0,2026-04-18,23.0,897.0,5.0,12.0,1.53
H0360,Dr. HCP_0360,Neurologist,B,West-2,West,14.0,19.428571428571427,34.0,2026-04-22,43.0,1816.0,3.0,8.0,3.07
H0361,Dr. HCP_0361,General Physician,B,North-2,North,39.0,20.333333333333332,176.0,2026-04-18,110.0,4269.0,5.0,12.0,2.82
H0362,Dr. HCP_0362,General Physician,B,Central-1,Central,40.0,19.125,167.0,2026-04-22,113.0,4625.0,5.0,8.0,2.82
H0363,Dr. HCP_0363,Oncologist,B,West-1,West,19.0,15.842105263157896,85.0,2026-04-20,82.0,3518.0,5.0,10.0,4.32
H0364,Dr. HCP_0364,Pulmonologist,B,West-1,West,12.0,20.333333333333332,29.0,2026-04-20,44.0,1691.0,4.0,10.0,3.67
H0365,Dr. HCP_0365,Oncologist,C,West-1,West,20.0,16.65,99.0,2026-04-14,16.0,615.0,5.0,16.0,0.8
H0366,Dr. HCP_0366,Oncologist,B,East-2,East,9.0,16.333333333333332,40.0,2026-04-05,32.0,1225.0,5.0,25.0,3.56
H0367,Dr. HCP_0367,Pulmonologist,C,East-1,East,0.0,0.0,0.0,,2.0,84.0,1.0,,
H0368,Dr. HCP_0368,Cardiologist,C,West-2,West,28.0,20.285714285714285,103.0,2026-04-28,42.0,1771.0,5.0,2.0,1.5
H0369,Dr. HCP_0369,Cardiologist,A,North-2,North,19.0,19.05263157894737,73.0,2026-04-29,157.0,6532.0,5.0,1.0,8.26
H0370,Dr. HCP_0370,General Physician,A,North-2,North,25.0,20.12,114.0,2026-04-27,151.0,6142.0,5.0,3.0,6.04
H0371,Dr. HCP_0371,Neurologist,A,South-1,South,15.0,21.0,60.0,2026-04-22,125.0,4711.0,5.0,8.0,8.33
H0372,Dr. HCP_0372,Neurologist,A,Central-2,Central,10.0,20.6,39.0,2026-04-17,75.0,3346.0,4.0,13.0,7.5
H0373,Dr. HCP_0373,Oncologist,A,North-2,North,26.0,17.5,112.0,2026-04-17,226.0,10167.0,5.0,13.0,8.69
H0374,Dr. HCP_0374,General Physician,B,West-1,West,19.0,21.263157894736842,70.0,2026-04-21,69.0,2697.0,5.0,9.0,3.63
H0375,Dr. HCP_0375,Neurologist,A,East-1,East,0.0,0.0,0.0,,10.0,354.0,2.0,,
H0376,Dr. HCP_0376,Cardiologist,B,East-2,East,22.0,18.181818181818183,92.0,2026-04-22,57.0,2206.0,5.0,8.0,2.59
H0377,Dr. HCP_0377,General Physician,C,South-1,South,54.0,19.5,197.0,2026-04-18,76.0,3036.0,5.0,12.0,1.41
H0378,Dr. HCP_0378,Cardiologist,A,South-2,South,24.0,17.875,67.0,2026-03-04,180.0,7444.0,5.0,57.0,7.5
H0379,Dr. HCP_0379,Pulmonologist,C,Central-1,Central,56.0,21.767857142857142,242.0,2026-04-19,100.0,4168.0,5.0,11.0,1.79
H0380,Dr. HCP_0380,Neurologist,B,East-1,East,0.0,0.0,0.0,,0.0,0.0,0.0,,
H0381,Dr. HCP_0381,Neurologist,A,West-1,West,11.0,22.545454545454547,56.0,2026-04-21,96.0,3902.0,4.0,9.0,8.73
H0382,Dr. HCP_0382,General Physician,B,Central-2,Central,7.0,17.428571428571427,27.0,2025-12-21,41.0,1585.0,4.0,130.0,5.86
H0383,Dr. HCP_0383,Endocrinologist,B,North-1,North,39.0,19.17948717948718,170.0,2026-04-06,116.0,4703.0,5.0,24.0,2.97
H0384,Dr. HCP_0384,Pulmonologist,C,East-1,East,0.0,0.0,0.0,,0.0,0.0,0.0,,
H0385,Dr. HCP_0385,Endocrinologist,C,North-1,North,67.0,19.253731343283583,215.0,2026-04-30,102.0,4010.0,5.0,0.0,1.52
H0386,Dr. HCP_0386,General Physician,C,Central-2,Central,20.0,18.45,105.0,2026-04-06,39.0,1659.0,4.0,24.0,1.95
H0387,Dr. HCP_0387,Endocrinologist,B,North-2,North,39.0,17.76923076923077,153.0,2026-04-07,147.0,5959.0,5.0,23.0,3.77
H0388,Dr. HCP_0388,General Physician,A,North-2,North,18.0,20.5,71.0,2026-04-21,108.0,4161.0,5.0,9.0,6.0
H0389,Dr. HCP_0389,Oncologist,C,West-1,West,29.0,21.79310344827586,105.0,2026-04-22,29.0,1290.0,5.0,8.0,1.0
H0390,Dr. HCP_0390,Endocrinologist,C,East-2,East,26.0,19.884615384615383,76.0,2026-04-28,23.0,859.0,5.0,2.0,0.88
H0391,Dr. HCP_0391,General Physician,C,East-1,East,0.0,0.0,0.0,,0.0,0.0,0.0,,
H0392,Dr. HCP_0392,Neurologist,B,Central-2,Central,17.0,18.529411764705884,68.0,2026-04-14,71.0,3099.0,5.0,16.0,4.18
H0393,Dr. HCP_0393,Endocrinologist,B,North-1,North,37.0,18.216216216216218,144.0,2026-04-01,117.0,5026.0,5.0,29.0,3.16
H0394,Dr. HCP_0394,Cardiologist,C,Central-2,Central,29.0,21.620689655172413,120.0,2026-04-28,45.0,1928.0,4.0,2.0,1.55
H0395,Dr. HCP_0395,Oncologist,B,East-1,East,0.0,0.0,0.0,,3.0,114.0,2.0,,
H0396,Dr. HCP_0396,Neurologist,C,West-2,West,21.0,19.61904761904762,72.0,2026-04-26,37.0,1450.0,5.0,4.0,1.76
H0397,Dr. HCP_0397,Pulmonologist,C,West-1,West,32.0,21.125,111.0,2026-04-29,45.0,1810.0,5.0,1.0,1.41
H0398,Dr. HCP_0398,Cardiologist,B,Central-1,Central,40.0,22.725,150.0,2026-04-28,148.0,5468.0,5.0,2.0,3.7
H0399,Dr. HCP_0399,Cardiologist,C,West-1,West,24.0,20.541666666666668,114.0,2026-04-17,28.0,1108.0,5.0,13.0,1.17
H0400,Dr. HCP_0400,Oncologist,C,Central-2,Central,17.0,20.294117647058822,68.0,2026-03-09,30.0,1256.0,5.0,52.0,1.76
H0401,Dr. HCP_0401,Endocrinologist,A,North-1,North,19.0,20.473684210526315,97.0,2026-04-08,131.0,5048.0,5.0,22.0,6.89
H0402,Dr. HCP_0402,Cardiologist,C,Central-2,Central,26.0,23.346153846153847,90.0,2026-01-26,28.0,1190.0,5.0,94.0,1.08
H0403,Dr. HCP_0403,Pulmonologist,B,South-2,South,67.0,19.0,254.0,2026-04-28,259.0,9715.0,5.0,2.0,3.87
H0404,Dr. HCP_0404,Pulmonologist,C,South-1,South,46.0,20.26086956521739,163.0,2026-04-28,55.0,2098.0,5.0,2.0,1.2
H0405,Dr. HCP_0405,Cardiologist,B,East-2,East,14.0,16.857142857142858,70.0,2026-04-17,45.0,1760.0,5.0,13.0,3.21
H0406,Dr. HCP_0406,General Physician,C,West-2,West,22.0,19.818181818181817,56.0,2026-04-21,39.0,1626.0,5.0,9.0,1.77
H0407,Dr. HCP_0407,Endocrinologist,B,South-1,South,42.0,18.5,215.0,2026-04-16,105.0,4131.0,5.0,14.0,2.5
H0408,Dr. HCP_0408,General Physician,A,Central-1,Central,17.0,18.294117647058822,53.0,2026-04-24,125.0,4638.0,5.0,6.0,7.35
H0409,Dr. HCP_0409,Neurologist,C,Central-1,Central,56.0,19.571428571428573,246.0,2026-04-23,63.0,2500.0,5.0,7.0,1.12
H0410,Dr. HCP_0410,Oncologist,A,North-2,North,25.0,23.12,92.0,2026-04-23,184.0,7505.0,5.0,7.0,7.36
H0411,Dr. HCP_0411,Cardiologist,B,West-1,West,18.0,18.72222222222222,80.0,2026-02-05,98.0,4252.0,5.0,84.0,5.44
H0412,Dr. HCP_0412,Pulmonologist,C,North-2,North,79.0,20.126582278481013,289.0,2026-04-29,99.0,3886.0,5.0,1.0,1.25
H0413,Dr. HCP_0413,Oncologist,C,Central-2,Central,21.0,18.523809523809526,80.0,2026-04-26,29.0,1241.0,5.0,4.0,1.38
H0414,Dr. HCP_0414,Cardiologist,B,East-1,East,0.0,0.0,0.0,,0.0,0.0,0.0,,
H0415,Dr. HCP_0415,Pulmonologist,B,North-1,North,35.0,21.457142857142856,138.0,2026-04-29,136.0,5526.0,5.0,1.0,3.89
H0416,Dr. HCP_0416,Oncologist,B,Central-2,Central,12.0,16.833333333333332,41.0,2026-03-07,42.0,1701.0,5.0,54.0,3.5
H0417,Dr. HCP_0417,Oncologist,B,North-2,North,45.0,20.511111111111113,170.0,2026-04-22,166.0,7163.0,5.0,8.0,3.69
H0418,Dr. HCP_0418,Oncologist,B,South-2,South,36.0,19.666666666666668,141.0,2026-04-23,160.0,6461.0,5.0,7.0,4.44
H0419,Dr. HCP_0419,Cardiologist,B,Central-1,Central,34.0,18.264705882352942,113.0,2026-04-10,122.0,4826.0,5.0,20.0,3.59
H0420,Dr. HCP_0420,General Physician,C,East-1,East,0.0,0.0,0.0,,9.0,386.0,2.0,,
H0421,Dr. HCP_0421,Pulmonologist,C,South-2,South,82.0,18.048780487804876,361.0,2026-04-15,124.0,5336.0,5.0,15.0,1.51
H0422,Dr. HCP_0422,Neurologist,C,North-2,North,55.0,19.745454545454546,199.0,2026-04-16,75.0,3325.0,5.0,14.0,1.36
H0423,Dr. HCP_0423,Neurologist,A,Central-1,Central,18.0,20.38888888888889,84.0,2026-04-17,133.0,5370.0,5.0,13.0,7.39
H0424,Dr. HCP_0424,Pulmonologist,B,East-2,East,15.0,21.133333333333333,59.0,2026-04-16,56.0,2230.0,5.0,14.0,3.73
H0425,Dr. HCP_0425,Cardiologist,A,South-2,South,32.0,20.90625,118.0,2026-04-23,163.0,6448.0,5.0,7.0,5.09
H0426,Dr. HCP_0426,Endocrinologist,B,East-1,East,0.0,0.0,0.0,,2.0,66.0,1.0,,
H0427,Dr. HCP_0427,Endocrinologist,B,Central-2,Central,16.0,22.1875,67.0,2026-04-25,52.0,2168.0,5.0,5.0,3.25
H0428,Dr. HCP_0428,General Physician,C,South-1,South,39.0,20.53846153846154,168.0,2026-04-19,74.0,2910.0,5.0,11.0,1.9
H0429,Dr. HCP_0429,Neurologist,B,West-2,West,16.0,20.3125,74.0,2026-03-25,67.0,2785.0,5.0,36.0,4.19
H0430,Dr. HCP_0430,General Physician,A,Central-2,Central,3.0,18.333333333333332,8.0,2026-01-30,33.0,1226.0,2.0,90.0,11.0
H0431,Dr. HCP_0431,Endocrinologist,A,East-2,East,9.0,17.666666666666668,31.0,2026-04-12,93.0,3671.0,5.0,18.0,10.33
H0432,Dr. HCP_0432,Oncologist,C,North-2,North,59.0,19.16949152542373,247.0,2026-04-23,116.0,4574.0,5.0,7.0,1.97
H0433,Dr. HCP_0433,Pulmonologist,B,East-1,East,0.0,0.0,0.0,,11.0,429.0,2.0,,
H0434,Dr. HCP_0434,Neurologist,A,East-2,East,5.0,22.4,17.0,2026-04-12,22.0,769.0,4.0,18.0,4.4
H0435,Dr. HCP_0435,Oncologist,A,East-1,East,0.0,0.0,0.0,,0.0,0.0,0.0,,
H0436,Dr. HCP_0436,Cardiologist,C,North-1,North,61.0,18.311475409836067,251.0,2026-04-08,68.0,2571.0,5.0,22.0,1.11
H0437,Dr. HCP_0437,Cardiologist,A,East-1,East,0.0,0.0,0.0,,5.0,235.0,1.0,,
H0438,Dr. HCP_0438,Neurologist,C,Central-2,Central,22.0,17.636363636363637,78.0,2026-04-21,39.0,1603.0,5.0,9.0,1.77
H0439,Dr. HCP_0439,Neurologist,C,West-2,West,20.0,24.25,79.0,2026-04-11,28.0,1118.0,4.0,19.0,1.4
H0440,Dr. HCP_0440,Neurologist,A,West-2,West,4.0,16.5,7.0,2026-03-12,19.0,742.0,3.0,49.0,4.75
H0441,Dr. HCP_0441,Neurologist,A,East-2,East,2.0,10.0,6.0,2026-03-13,32.0,1144.0,2.0,48.0,16.0
H0442,Dr. HCP_0442,Endocrinologist,C,Central-1,Central,62.0,21.032258064516128,198.0,2026-04-25,65.0,2643.0,5.0,5.0,1.05
H0443,Dr. HCP_0443,Cardiologist,B,West-2,West,21.0,19.571428571428573,77.0,2026-04-04,88.0,3469.0,5.0,26.0,4.19
H0444,Dr. HCP_0444,Neurologist,B,North-2,North,51.0,21.50980392156863,206.0,2026-04-19,180.0,6825.0,5.0,11.0,3.53
H0445,Dr. HCP_0445,Endocrinologist,C,North-1,North,73.0,21.273972602739725,305.0,2026-04-23,138.0,5386.0,5.0,7.0,1.89
H0446,Dr. HCP_0446,Neurologist,C,West-2,West,24.0,20.25,95.0,2026-04-15,29.0,1145.0,5.0,15.0,1.21
H0447,Dr. HCP_0447,Pulmonologist,C,East-2,East,27.0,21.666666666666668,77.0,2026-04-19,57.0,2260.0,5.0,11.0,2.11
H0448,Dr. HCP_0448,Oncologist,C,West-1,West,21.0,19.61904761904762,74.0,2026-03-28,19.0,829.0,4.0,33.0,0.9
H0449,Dr. HCP_0449,Cardiologist,B,Central-2,Central,22.0,18.863636363636363,88.0,2026-04-14,81.0,3302.0,5.0,16.0,3.68
H0450,Dr. HCP_0450,Pulmonologist,A,North-2,North,28.0,21.107142857142858,111.0,2026-04-10,168.0,6839.0,5.0,20.0,6.0
H0451,Dr. HCP_0451,General Physician,C,Central-1,Central,57.0,18.771929824561404,212.0,2026-04-21,59.0,2362.0,5.0,9.0,1.04
H0452,Dr. HCP_0452,Pulmonologist,B,East-1,East,0.0,0.0,0.0,,2.0,68.0,1.0,,
H0453,Dr. HCP_0453,Cardiologist,B,East-2,East,16.0,18.6875,57.0,2026-04-24,68.0,2960.0,4.0,6.0,4.25
H0454,Dr. HCP_0454,Pulmonologist,C,East-2,East,21.0,18.61904761904762,80.0,2026-04-18,33.0,1249.0,4.0,12.0,1.57
H0455,Dr. HCP_0455,Neurologist,A,South-1,South,12.0,20.0,54.0,2026-04-06,70.0,2858.0,5.0,24.0,5.83
H0456,Dr. HCP_0456,Neurologist,B,East-1,East,0.0,0.0,0.0,,9.0,364.0,3.0,,
H0457,Dr. HCP_0457,Endocrinologist,A,East-2,East,9.0,18.88888888888889,48.0,2026-04-21,65.0,2592.0,5.0,9.0,7.22
H0458,Dr. HCP_0458,Neurologist,B,West-1,West,17.0,21.058823529411764,56.0,2026-04-19,63.0,2393.0,5.0,11.0,3.71
H0459,Dr. HCP_0459,Pulmonologist,A,North-1,North,18.0,21.833333333333332,65.0,2026-04-30,213.0,9226.0,5.0,0.0,11.83
H0460,Dr. HCP_0460,Endocrinologist,A,South-1,South,15.0,21.466666666666665,51.0,2026-04-23,128.0,5203.0,5.0,7.0,8.53
H0461,Dr. HCP_0461,Endocrinologist,A,West-2,West,6.0,23.333333333333332,21.0,2026-04-17,26.0,1041.0,3.0,13.0,4.33
H0462,Dr. HCP_0462,Endocrinologist,B,South-1,South,24.0,18.791666666666668,93.0,2026-04-09,82.0,3173.0,5.0,21.0,3.42
H0463,Dr. HCP_0463,Cardiologist,C,East-1,East,0.0,0.0,0.0,,6.0,256.0,2.0,,
H0464,Dr. HCP_0464,Neurologist,B,East-2,East,15.0,22.133333333333333,68.0,2026-04-22,56.0,2570.0,4.0,8.0,3.73
H0465,Dr. HCP_0465,Oncologist,C,Central-2,Central,14.0,17.642857142857142,54.0,2026-03-04,21.0,845.0,4.0,57.0,1.5
H0466,Dr. HCP_0466,Endocrinologist,B,South-1,South,35.0,22.4,158.0,2026-04-22,96.0,3868.0,5.0,8.0,2.74
H0467,Dr. HCP_0467,Cardiologist,B,West-2,West,20.0,21.6,80.0,2026-03-28,78.0,3125.0,5.0,33.0,3.9
H0468,Dr. HCP_0468,General Physician,C,East-2,East,22.0,18.636363636363637,81.0,2026-04-29,24.0,1026.0,4.0,1.0,1.09
H0469,Dr. HCP_0469,Neurologist,B,West-2,West,13.0,16.0,48.0,2026-03-26,45.0,1826.0,5.0,35.0,3.46
H0470,Dr. HCP_0470,Endocrinologist,C,West-2,West,32.0,19.96875,125.0,2026-04-30,47.0,1773.0,5.0,0.0,1.47
H0471,Dr. HCP_0471,Oncologist,A,East-1,East,0.0,0.0,0.0,,13.0,544.0,3.0,,
H0472,Dr. HCP_0472,General Physician,C,East-2,East,19.0,18.789473684210527,97.0,2026-04-21,25.0,1020.0,5.0,9.0,1.32
H0473,Dr. HCP_0473,Pulmonologist,A,West-2,West,10.0,22.8,36.0,2026-04-18,33.0,1550.0,4.0,12.0,3.3
H0474,Dr. HCP_0474,Neurologist,C,Central-1,Central,50.0,20.28,194.0,2026-04-25,62.0,2462.0,5.0,5.0,1.24
H0475,Dr. HCP_0475,Endocrinologist,B,South-1,South,31.0,18.903225806451612,165.0,2026-04-05,86.0,3591.0,5.0,25.0,2.77
H0476,Dr. HCP_0476,Cardiologist,C,East-1,East,0.0,0.0,0.0,,8.0,379.0,2.0,,
H0477,Dr. HCP_0477,Neurologist,A,East-2,East,6.0,22.166666666666668,32.0,2026-03-17,73.0,3068.0,5.0,44.0,12.17
H0478,Dr. HCP_0478,Cardiologist,B,Central-1,Central,35.0,18.057142857142857,125.0,2026-04-23,176.0,7152.0,5.0,7.0,5.03
H0479,Dr. HCP_0479,Endocrinologist,C,North-2,North,66.0,18.606060606060606,260.0,2026-04-29,81.0,3329.0,5.0,1.0,1.23
H0480,Dr. HCP_0480,Neurologist,B,West-2,West,16.0,21.375,55.0,2026-03-20,58.0,2159.0,5.0,41.0,3.62
H0481,Dr. HCP_0481,Cardiologist,B,West-1,West,23.0,19.26086956521739,69.0,2026-04-29,75.0,3145.0,5.0,1.0,3.26
H0482,Dr. HCP_0482,Pulmonologist,B,West-2,West,25.0,19.08,85.0,2026-04-12,116.0,4472.0,5.0,18.0,4.64
H0483,Dr. HCP_0483,Cardiologist,B,West-1,West,19.0,18.63157894736842,67.0,2026-04-21,65.0,2346.0,4.0,9.0,3.42
H0484,Dr. HCP_0484,Pulmonologist,B,Central-1,Central,41.0,19.804878048780488,167.0,2026-04-19,132.0,5590.0,5.0,11.0,3.22
H0485,Dr. HCP_0485,Cardiologist,B,West-1,West,11.0,22.636363636363637,41.0,2026-04-13,37.0,1549.0,5.0,17.0,3.36
H0486,Dr. HCP_0486,Cardiologist,C,South-2,South,102.0,19.647058823529413,358.0,2026-04-29,163.0,6573.0,5.0,1.0,1.6
H0487,Dr. HCP_0487,General Physician,A,North-2,North,28.0,22.535714285714285,133.0,2026-04-24,112.0,4701.0,5.0,6.0,4.0
H0488,Dr. HCP_0488,Endocrinologist,B,South-1,South,26.0,24.807692307692307,125.0,2026-04-14,80.0,3037.0,5.0,16.0,3.08
H0489,Dr. HCP_0489,Oncologist,C,East-1,East,0.0,0.0,0.0,,0.0,0.0,0.0,,
H0490,Dr. HCP_0490,Oncologist,C,West-2,West,33.0,18.90909090909091,146.0,2026-04-12,63.0,2586.0,5.0,18.0,1.91
H0491,Dr. HCP_0491,Cardiologist,B,North-2,North,50.0,18.64,189.0,2026-04-25,138.0,5393.0,5.0,5.0,2.76
H0492,Dr. HCP_0492,Endocrinologist,B,South-2,South,62.0,21.306451612903224,234.0,2026-04-29,246.0,9753.0,5.0,1.0,3.97
H0493,Dr. HCP_0493,Pulmonologist,B,North-2,North,38.0,21.105263157894736,164.0,2026-03-22,151.0,6095.0,5.0,39.0,3.97
H0494,Dr. HCP_0494,Cardiologist,A,East-1,East,0.0,0.0,0.0,,1.0,22.0,1.0,,
H0495,Dr. HCP_0495,Oncologist,B,South-2,South,47.0,19.425531914893618,183.0,2026-04-27,151.0,6253.0,5.0,3.0,3.21
H0496,Dr. HCP_0496,Cardiologist,B,North-2,North,51.0,18.647058823529413,176.0,2026-04-17,229.0,9404.0,5.0,13.0,4.49
H0497,Dr. HCP_0497,Neurologist,B,Central-2,Central,12.0,20.666666666666668,42.0,2026-04-02,28.0,1147.0,4.0,28.0,2.33
H0498,Dr. HCP_0498,Neurologist,A,Central-1,Central,17.0,18.941176470588236,71.0,2026-04-30,114.0,4460.0,5.0,0.0,6.71
H0499,Dr. HCP_0499,Pulmonologist,C,South-1,South,52.0,19.576923076923077,182.0,2026-04-16,100.0,3984.0,5.0,14.0,1.92
H0500,Dr. HCP_0500,Neurologist,C,North-1,North,65.0,19.0,263.0,2026-04-29,55.0,2441.0,5.0,1.0,0.85
